V_ID,105|kmeans_7,106|kmeans_7,107|kmeans_7,108|kmeans_7,109|kmeans_7,check,105to106,106to107,107to108,108to109
65000090-001,1,1,1,1,1,0,False,False,False,False
65000090-004,1,1,1,1,1,0,False,False,False,False
65000090-025,1,1,1,1,1,0,False,False,False,False
65000090-026,0,0,0,0,0,0,False,False,False,False
65000090-014,0,0,0,0,0,0,False,False,False,False
65000090-023,1,1,1,1,1,0,False,False,False,False
65000090-003,1,1,1,1,1,0,False,False,False,False
65000090-011,0,0,0,0,0,0,False,False,False,False
65000090-010,1,1,1,1,1,0,False,False,False,False
65000090-021,0,0,0,0,0,0,False,False,False,False
65000090-024,1,1,1,1,1,0,False,False,False,False
65000090-005,0,0,0,0,0,0,False,False,False,False
65000090-020,0,0,0,0,0,0,False,False,False,False
65000090-015,0,0,0,0,0,0,False,False,False,False
65000090-016,0,0,0,0,0,0,False,False,False,False
65000090-006,0,0,0,0,0,0,False,False,False,False
65000090-012,1,1,1,1,1,0,False,False,False,False
65000090-017,0,0,0,0,0,0,False,False,False,False
65000090-018,1,1,1,1,1,0,False,False,False,False
65000090-019,0,0,0,0,0,0,False,False,False,False
65000090-007,1,1,1,1,1,0,False,False,False,False
65000090-002,1,1,1,1,1,0,False,False,False,False
65000090-022,0,0,0,0,0,0,False,False,False,False
65000090-013,0,0,0,0,0,0,False,False,False,False
65000090-008,1,1,1,1,1,0,False,False,False,False
65000090-009,1,1,1,1,1,0,False,False,False,False
65000090-027,1,1,1,1,1,0,False,False,False,False
65000090-028,1,1,1,1,1,0,False,False,False,False
65000210-001,0,0,0,0,0,0,False,False,False,False
65000210-003,1,1,1,1,1,0,False,False,False,False
65000210-011,0,0,0,0,0,0,False,False,False,False
65000210-005,1,1,1,1,1,0,False,False,False,False
65000210-002,1,1,1,1,1,0,False,False,False,False
65000210-012,0,0,0,0,0,0,False,False,False,False
65000210-009,0,0,0,0,0,0,False,False,False,False
65000210-004,1,1,1,1,1,0,False,False,False,False
65000210-007,0,0,0,0,0,0,False,False,False,False
65000210-010,0,0,0,0,0,0,False,False,False,False
65000210-013,0,0,0,0,0,0,False,False,False,False
65000210-006,0,0,0,0,0,0,False,False,False,False
65000210-008,0,0,0,0,0,0,False,False,False,False
65000020-072,3,3,3,3,3,0,False,False,False,False
65000020-019,3,3,3,3,3,0,False,False,False,False
65000020-052,3,3,3,3,3,0,False,False,False,False
65000020-041,3,3,3,3,3,0,False,False,False,False
65000020-026,3,3,3,3,3,0,False,False,False,False
65000020-029,3,3,3,3,3,0,False,False,False,False
65000020-005,3,3,3,3,3,0,False,False,False,False
65000020-002,2,2,1,1,1,1,False,True,False,False
65000020-095,3,0,3,3,0,2,True,True,False,True
65000020-096,3,3,3,3,3,0,False,False,False,False
65000020-104,3,3,3,3,3,0,False,False,False,False
65000020-109,3,3,3,3,3,0,False,False,False,False
65000020-119,3,3,3,3,3,0,False,False,False,False
65000020-032,3,3,3,3,3,0,False,False,False,False
65000020-097,3,3,3,3,3,0,False,False,False,False
65000020-034,3,3,3,3,3,0,False,False,False,False
65000020-118,3,3,3,3,3,0,False,False,False,False
65000020-065,3,3,3,3,3,0,False,False,False,False
65000020-074,3,3,3,3,3,0,False,False,False,False
65000020-020,3,3,3,3,3,0,False,False,False,False
65000020-035,3,3,3,3,3,0,False,False,False,False
65000020-021,3,3,3,3,3,0,False,False,False,False
65000020-013,3,3,3,3,3,0,False,False,False,False
65000020-057,3,3,3,3,3,0,False,False,False,False
65000020-036,3,3,3,3,3,0,False,False,False,False
65000020-014,3,3,3,3,3,0,False,False,False,False
65000020-077,3,3,3,3,3,0,False,False,False,False
65000020-078,3,3,3,3,3,0,False,False,False,False
65000020-110,3,3,3,3,3,0,False,False,False,False
65000020-083,3,3,3,3,3,0,False,False,False,False
65000020-027,3,3,3,3,3,0,False,False,False,False
65000020-022,3,3,3,3,3,0,False,False,False,False
65000020-023,3,3,0,3,3,2,False,True,True,False
65000020-043,3,3,3,3,3,0,False,False,False,False
65000020-086,3,3,3,3,3,0,False,False,False,False
65000020-028,3,3,3,3,3,0,False,False,False,False
65000020-042,3,3,3,3,3,0,False,False,False,False
65000020-031,3,3,3,3,3,0,False,False,False,False
65000020-060,3,3,3,3,3,0,False,False,False,False
65000020-001,2,2,2,2,2,0,False,False,False,False
65000020-071,3,3,3,3,3,0,False,False,False,False
65000020-075,3,3,3,3,3,0,False,False,False,False
65000020-107,3,3,3,3,3,0,False,False,False,False
65000020-106,3,3,3,3,3,0,False,False,False,False
65000020-105,3,3,3,3,3,0,False,False,False,False
65000020-085,3,3,3,3,3,0,False,False,False,False
65000020-082,3,3,3,3,3,0,False,False,False,False
65000020-030,3,3,3,3,3,0,False,False,False,False
65000020-076,3,3,3,3,3,0,False,False,False,False
65000020-006,3,3,3,3,3,0,False,False,False,False
65000020-033,3,3,3,3,3,0,False,False,False,False
65000020-102,3,3,3,3,3,0,False,False,False,False
65000020-100,3,3,3,3,3,0,False,False,False,False
65000020-101,3,3,3,3,3,0,False,False,False,False
65000020-099,3,3,3,3,3,0,False,False,False,False
65000020-103,3,3,3,3,3,0,False,False,False,False
65000020-098,3,3,3,3,3,0,False,False,False,False
65000020-007,3,3,3,3,3,0,False,False,False,False
65000020-080,3,3,3,3,3,0,False,False,False,False
65000020-051,3,3,3,3,3,0,False,False,False,False
65000020-049,3,3,3,3,3,0,False,False,False,False
65000020-047,3,3,3,3,3,0,False,False,False,False
65000020-048,3,3,3,3,3,0,False,False,False,False
65000020-045,0,3,0,0,0,2,True,True,False,False
65000020-112,3,3,3,3,3,0,False,False,False,False
65000020-091,3,3,3,3,3,0,False,False,False,False
65000020-087,3,3,3,3,3,0,False,False,False,False
65000020-025,3,3,3,3,3,0,False,False,False,False
65000020-090,3,3,3,3,3,0,False,False,False,False
65000020-092,3,3,3,3,3,0,False,False,False,False
65000020-113,3,3,3,3,3,0,False,False,False,False
65000020-088,3,3,3,3,3,0,False,False,False,False
65000020-089,3,3,3,3,3,0,False,False,False,False
65000020-040,3,3,3,3,3,0,False,False,False,False
65000020-115,3,3,3,3,3,0,False,False,False,False
65000020-114,3,3,3,3,3,0,False,False,False,False
65000020-039,3,3,3,3,3,0,False,False,False,False
65000020-093,3,3,3,3,3,0,False,False,False,False
65000020-081,3,3,3,3,3,0,False,False,False,False
65000020-017,3,3,3,3,3,0,False,False,False,False
65000020-018,3,3,3,3,3,0,False,False,False,False
65000020-015,3,3,3,3,3,0,False,False,False,False
65000020-108,3,3,3,3,3,0,False,False,False,False
65000020-038,3,3,3,3,3,0,False,False,False,False
65000020-073,3,3,3,3,3,0,False,False,False,False
65000020-111,3,3,3,3,3,0,False,False,False,False
65000020-037,3,3,3,3,3,0,False,False,False,False
65000020-117,3,3,3,3,3,0,False,False,False,False
65000020-009,3,3,3,3,3,0,False,False,False,False
65000020-016,3,3,3,3,3,0,False,False,False,False
65000020-008,3,3,3,3,3,0,False,False,False,False
65000020-094,3,3,3,3,3,0,False,False,False,False
65000020-070,3,3,3,3,3,0,False,False,False,False
65000020-116,3,3,3,3,3,0,False,False,False,False
65000020-084,3,3,3,3,3,0,False,False,False,False
65000020-050,3,3,3,3,3,0,False,False,False,False
65000020-024,3,3,3,3,3,0,False,False,False,False
65000020-066,3,3,3,3,3,0,False,False,False,False
65000020-004,3,3,3,3,3,0,False,False,False,False
65000020-010,3,3,3,3,3,0,False,False,False,False
65000020-046,3,3,3,3,3,0,False,False,False,False
65000020-012,3,3,3,3,3,0,False,False,False,False
65000020-044,3,3,3,3,3,0,False,False,False,False
65000020-055,3,3,3,3,3,0,False,False,False,False
65000020-067,3,3,3,3,3,0,False,False,False,False
65000020-011,3,3,3,3,3,0,False,False,False,False
65000020-054,3,3,3,3,3,0,False,False,False,False
65000020-061,3,3,3,3,3,0,False,False,False,False
65000020-056,3,3,3,3,3,0,False,False,False,False
65000020-062,3,3,3,3,3,0,False,False,False,False
65000020-063,3,3,3,3,3,0,False,False,False,False
65000020-058,3,3,3,3,3,0,False,False,False,False
65000020-064,3,3,3,3,3,0,False,False,False,False
65000020-059,3,3,3,3,3,0,False,False,False,False
65000020-053,3,3,3,3,3,0,False,False,False,False
65000020-003,0,3,3,3,0,2,True,False,False,True
65000020-079,3,3,3,3,3,0,False,False,False,False
65000020-068,3,3,3,3,3,0,False,False,False,False
65000020-069,3,3,3,3,3,0,False,False,False,False
65000030-001,0,0,0,5,5,1,False,False,True,False
65000030-023,5,5,5,5,5,0,False,False,False,False
65000030-083,2,2,2,2,2,0,False,False,False,False
65000030-005,2,2,2,2,2,0,False,False,False,False
65000030-081,0,0,0,0,0,0,False,False,False,False
65000030-004,2,2,2,2,2,0,False,False,False,False
65000030-019,1,2,1,2,2,2,True,True,True,False
65000030-003,2,2,2,2,2,0,False,False,False,False
65000030-042,0,0,0,0,0,0,False,False,False,False
65000030-090,4,4,4,4,4,0,False,False,False,False
65000030-009,1,1,1,2,2,1,False,False,True,False
65000030-026,2,2,2,2,2,0,False,False,False,False
65000030-082,3,3,3,3,3,0,False,False,False,False
65000030-046,2,2,2,2,2,0,False,False,False,False
65000030-088,1,2,2,6,6,1,True,False,True,False
65000030-057,4,4,4,4,4,0,False,False,False,False
65000030-089,1,1,1,1,1,0,False,False,False,False
65000030-060,1,1,1,1,1,0,False,False,False,False
65000030-058,1,1,1,1,1,0,False,False,False,False
65000030-069,4,4,4,4,4,0,False,False,False,False
65000030-091,4,4,4,4,4,0,False,False,False,False
65000030-043,3,3,3,3,3,0,False,False,False,False
65000030-070,1,1,1,1,1,0,False,False,False,False
65000030-044,3,3,3,3,3,0,False,False,False,False
65000030-021,3,3,3,3,3,0,False,False,False,False
65000030-022,3,3,3,3,3,0,False,False,False,False
65000030-020,5,5,5,5,5,0,False,False,False,False
65000030-062,2,2,2,2,2,0,False,False,False,False
65000030-075,3,3,3,3,3,0,False,False,False,False
65000030-074,3,3,3,3,3,0,False,False,False,False
65000030-039,1,1,1,1,1,0,False,False,False,False
65000030-002,2,2,2,2,2,0,False,False,False,False
65000030-012,2,1,1,5,5,1,True,False,True,False
65000030-006,2,2,2,2,2,0,False,False,False,False
65000030-045,3,3,3,3,3,0,False,False,False,False
65000030-067,1,1,1,1,1,0,False,False,False,False
65000030-073,0,0,0,0,0,0,False,False,False,False
65000030-038,4,5,5,4,4,2,True,False,True,False
65000030-059,2,2,2,2,2,0,False,False,False,False
65000030-025,0,2,0,2,2,2,True,True,True,False
65000030-071,1,1,1,1,1,0,False,False,False,False
65000030-064,0,0,0,0,0,0,False,False,False,False
65000030-040,1,5,1,5,5,2,True,True,True,False
65000030-050,3,3,3,3,3,0,False,False,False,False
65000030-047,3,3,3,3,3,0,False,False,False,False
65000030-051,2,2,2,2,2,0,False,False,False,False
65000030-048,3,3,3,3,3,0,False,False,False,False
65000030-079,3,3,3,3,3,0,False,False,False,False
65000030-049,3,3,3,3,3,0,False,False,False,False
65000030-036,6,5,5,6,6,2,True,False,True,False
65000030-010,2,2,2,2,2,0,False,False,False,False
65000030-041,0,0,0,0,0,0,False,False,False,False
65000030-092,4,4,4,4,4,0,False,False,False,False
65000030-093,0,2,0,2,2,2,True,True,True,False
65000030-056,2,2,2,0,0,1,False,False,True,False
65000030-061,1,1,1,1,1,0,False,False,False,False
65000030-087,4,1,4,1,1,2,True,True,True,False
65000030-068,4,0,4,4,4,2,True,True,False,False
65000030-024,3,3,3,3,3,0,False,False,False,False
65000030-065,1,1,1,1,1,0,False,False,False,False
65000030-011,2,2,2,2,2,0,False,False,False,False
65000030-054,0,0,0,0,0,0,False,False,False,False
65000030-063,4,4,4,4,4,0,False,False,False,False
65000030-017,0,0,0,0,0,0,False,False,False,False
65000030-084,2,2,2,3,3,1,False,False,True,False
65000030-080,3,3,3,3,3,0,False,False,False,False
65000030-018,2,1,1,2,2,2,True,False,True,False
65000030-014,2,2,0,2,5,2,False,True,True,True
65000030-013,0,0,0,3,3,1,False,False,True,False
65000030-016,2,2,1,2,2,2,False,True,True,False
65000030-015,2,2,1,2,2,2,False,True,True,False
65000030-033,2,2,0,5,5,1,False,True,True,False
65000030-077,0,0,0,3,3,1,False,False,True,False
65000030-027,0,2,0,5,5,2,True,True,True,False
65000030-032,1,1,1,5,5,1,False,False,True,False
65000030-028,0,2,0,5,5,2,True,True,True,False
65000030-031,2,2,2,2,2,0,False,False,False,False
65000030-030,1,1,1,5,5,1,False,False,True,False
65000030-072,2,2,2,2,2,0,False,False,False,False
65000030-029,0,2,0,0,0,2,True,True,False,False
65000030-076,2,2,2,2,2,0,False,False,False,False
65000030-055,1,1,1,5,5,1,False,False,True,False
65000030-066,1,1,1,1,1,0,False,False,False,False
65000030-078,4,6,4,6,4,2,True,True,True,True
65000030-037,1,1,1,1,1,0,False,False,False,False
65000030-035,1,1,1,1,1,0,False,False,False,False
65000030-007,2,2,0,2,2,2,False,True,True,False
65000030-008,0,0,0,5,5,1,False,False,True,False
65000030-085,2,2,1,2,1,2,False,True,True,True
65000030-052,2,2,1,2,1,2,False,True,True,True
65000030-053,2,2,1,2,1,2,False,True,True,True
65000030-086,2,2,2,2,2,0,False,False,False,False
65000030-034,2,0,0,0,2,2,True,False,False,True
65000150-009,1,1,1,1,1,0,False,False,False,False
65000150-008,1,1,1,1,1,0,False,False,False,False
65000150-007,0,0,0,0,0,0,False,False,False,False
65000150-015,0,0,0,0,0,0,False,False,False,False
65000150-013,0,2,0,0,0,2,True,True,False,False
65000150-010,1,1,1,1,1,0,False,False,False,False
65000150-006,0,4,0,0,0,2,True,True,False,False
65000150-005,1,1,1,1,1,0,False,False,False,False
65000150-014,0,0,0,0,0,0,False,False,False,False
65000150-018,1,1,1,1,1,0,False,False,False,False
65000150-002,1,1,1,1,1,0,False,False,False,False
65000150-017,1,1,1,1,1,0,False,False,False,False
65000150-019,1,1,1,1,1,0,False,False,False,False
65000150-020,1,1,1,1,1,0,False,False,False,False
65000150-001,1,1,1,1,1,0,False,False,False,False
65000150-004,0,0,0,0,0,0,False,False,False,False
65000150-012,0,0,0,0,0,0,False,False,False,False
65000150-011,0,0,4,0,0,2,False,True,True,False
65000150-003,0,0,0,0,0,0,False,False,False,False
65000150-016,0,0,0,0,0,0,False,False,False,False
65000230-010,0,0,0,0,0,0,False,False,False,False
65000230-004,0,0,0,0,0,0,False,False,False,False
65000230-003,0,0,0,0,0,0,False,False,False,False
65000230-002,1,1,1,1,1,0,False,False,False,False
65000230-006,1,1,1,1,1,0,False,False,False,False
65000230-008,0,0,0,0,0,0,False,False,False,False
65000230-007,0,0,0,0,0,0,False,False,False,False
65000230-009,1,1,1,1,1,0,False,False,False,False
65000230-005,0,0,0,0,0,0,False,False,False,False
65000230-001,1,1,1,1,1,0,False,False,False,False
65000130-017,0,0,0,0,0,0,False,False,False,False
65000130-041,1,1,1,1,1,0,False,False,False,False
65000130-004,1,1,1,1,1,0,False,False,False,False
65000130-037,5,5,5,5,5,0,False,False,False,False
65000130-003,5,6,5,5,5,2,True,True,False,False
65000130-033,5,5,5,5,5,0,False,False,False,False
65000130-002,5,5,5,5,5,0,False,False,False,False
65000130-001,5,5,5,5,5,0,False,False,False,False
65000130-010,5,5,5,5,5,0,False,False,False,False
65000130-020,5,5,5,5,5,0,False,False,False,False
65000130-042,1,1,1,1,1,0,False,False,False,False
65000130-029,5,5,5,5,5,0,False,False,False,False
65000130-039,5,5,5,5,5,0,False,False,False,False
65000130-031,1,1,1,1,1,0,False,False,False,False
65000130-018,1,1,1,1,1,0,False,False,False,False
65000130-028,1,1,1,1,1,0,False,False,False,False
65000130-044,1,1,1,1,1,0,False,False,False,False
65000130-034,1,1,1,1,1,0,False,False,False,False
65000130-040,1,1,1,1,1,0,False,False,False,False
65000130-030,1,1,1,1,1,0,False,False,False,False
65000130-047,1,1,1,1,1,0,False,False,False,False
65000130-019,1,1,1,1,1,0,False,False,False,False
65000130-035,1,1,1,1,1,0,False,False,False,False
65000130-007,5,5,5,5,5,0,False,False,False,False
65000130-006,5,5,5,5,5,0,False,False,False,False
65000130-043,5,5,5,5,5,0,False,False,False,False
65000130-009,1,1,1,1,1,0,False,False,False,False
65000130-027,5,5,5,6,5,2,False,False,True,True
65000130-038,1,1,1,1,1,0,False,False,False,False
65000130-021,5,5,5,5,5,0,False,False,False,False
65000130-014,1,1,1,1,1,0,False,False,False,False
65000130-022,5,5,5,5,5,0,False,False,False,False
65000130-015,0,0,0,0,0,0,False,False,False,False
65000130-013,0,0,0,0,0,0,False,False,False,False
65000130-012,1,1,1,1,1,0,False,False,False,False
65000130-016,1,1,1,1,1,0,False,False,False,False
65000130-011,4,4,4,4,4,0,False,False,False,False
65000130-026,1,1,1,1,1,0,False,False,False,False
65000130-036,5,5,5,5,5,0,False,False,False,False
65000130-008,5,5,5,5,5,0,False,False,False,False
65000130-046,1,1,1,1,1,0,False,False,False,False
65000130-005,2,1,1,1,1,1,True,False,False,False
65000130-045,1,1,1,1,1,0,False,False,False,False
65000130-032,1,1,1,1,1,0,False,False,False,False
65000130-023,5,5,5,5,5,0,False,False,False,False
65000130-025,1,1,1,1,1,0,False,False,False,False
65000130-024,1,1,1,1,1,0,False,False,False,False
65000200-005,0,0,0,0,0,0,False,False,False,False
65000200-002,1,1,1,1,1,0,False,False,False,False
65000200-003,1,1,1,1,1,0,False,False,False,False
65000200-006,1,1,1,1,1,0,False,False,False,False
65000200-007,0,0,0,0,0,0,False,False,False,False
65000200-004,0,0,0,0,0,0,False,False,False,False
65000200-001,0,0,0,0,0,0,False,False,False,False
65000240-011,0,0,0,0,0,0,False,False,False,False
65000240-009,0,0,0,0,0,0,False,False,False,False
65000240-006,1,1,1,1,1,0,False,False,False,False
65000240-010,0,0,0,0,0,0,False,False,False,False
65000240-005,1,1,1,1,1,0,False,False,False,False
65000240-012,0,0,0,0,0,0,False,False,False,False
65000240-008,0,0,0,0,0,0,False,False,False,False
65000240-007,0,0,0,0,0,0,False,False,False,False
65000240-003,1,1,1,1,1,0,False,False,False,False
65000240-004,1,1,1,1,1,0,False,False,False,False
65000240-002,1,1,1,1,1,0,False,False,False,False
65000240-001,0,0,0,0,0,0,False,False,False,False
65000060-013,0,0,0,0,0,0,False,False,False,False
65000060-054,5,5,5,5,5,0,False,False,False,False
65000060-052,1,1,1,5,5,1,False,False,True,False
65000060-044,5,5,5,6,5,2,False,False,True,True
65000060-037,5,5,5,5,5,0,False,False,False,False
65000060-045,5,5,5,5,5,0,False,False,False,False
65000060-041,0,0,0,0,0,0,False,False,False,False
65000060-046,6,5,5,6,6,2,True,False,True,False
65000060-008,5,5,5,5,5,0,False,False,False,False
65000060-016,0,0,0,0,0,0,False,False,False,False
65000060-057,0,0,0,0,0,0,False,False,False,False
65000060-053,4,0,0,5,5,1,True,False,True,False
65000060-023,0,0,0,0,0,0,False,False,False,False
65000060-033,5,5,5,5,5,0,False,False,False,False
65000060-001,5,5,5,5,5,0,False,False,False,False
65000060-021,0,0,0,0,0,0,False,False,False,False
65000060-004,6,6,6,6,6,0,False,False,False,False
65000060-003,5,5,5,5,5,0,False,False,False,False
65000060-010,1,1,1,1,1,0,False,False,False,False
65000060-011,5,5,5,5,5,0,False,False,False,False
65000060-056,1,1,1,1,1,0,False,False,False,False
65000060-064,0,0,0,0,0,0,False,False,False,False
65000060-007,6,6,5,6,5,2,False,True,True,True
65000060-058,1,1,1,1,1,0,False,False,False,False
65000060-006,5,5,5,5,5,0,False,False,False,False
65000060-059,0,0,0,0,0,0,False,False,False,False
65000060-026,0,0,0,0,0,0,False,False,False,False
65000060-035,5,5,5,5,5,0,False,False,False,False
65000060-028,0,0,0,0,0,0,False,False,False,False
65000060-061,6,6,6,6,6,0,False,False,False,False
65000060-040,6,6,5,6,6,2,False,True,True,False
65000060-032,5,5,5,5,5,0,False,False,False,False
65000060-062,5,5,5,5,5,0,False,False,False,False
65000060-017,0,0,0,0,0,0,False,False,False,False
65000060-009,1,1,1,1,1,0,False,False,False,False
65000060-043,1,1,1,1,6,1,False,False,False,True
65000060-034,5,5,5,5,5,0,False,False,False,False
65000060-036,5,5,5,5,5,0,False,False,False,False
65000060-066,1,1,1,5,5,1,False,False,True,False
65000060-042,6,6,5,6,6,2,False,True,True,False
65000060-031,5,5,5,5,5,0,False,False,False,False
65000060-039,5,5,5,6,5,2,False,False,True,True
65000060-038,6,5,5,6,5,2,True,False,True,True
65000060-019,0,0,0,0,0,0,False,False,False,False
65000060-055,0,0,0,0,0,0,False,False,False,False
65000060-002,6,5,5,5,6,2,True,False,False,True
65000060-014,1,1,1,1,1,0,False,False,False,False
65000060-015,1,1,1,1,1,0,False,False,False,False
65000060-067,1,1,1,1,1,0,False,False,False,False
65000060-005,6,5,5,6,6,2,True,False,True,False
65000060-020,0,0,0,0,0,0,False,False,False,False
65000060-048,1,1,1,1,1,0,False,False,False,False
65000060-047,2,2,1,1,1,1,False,True,False,False
65000060-050,5,5,5,5,5,0,False,False,False,False
65000060-029,0,0,0,0,0,0,False,False,False,False
65000060-049,1,1,1,1,1,0,False,False,False,False
65000060-051,5,5,5,5,5,0,False,False,False,False
65000060-025,0,0,0,0,0,0,False,False,False,False
65000060-063,0,0,0,0,0,0,False,False,False,False
65000060-022,0,0,0,0,0,0,False,False,False,False
65000060-069,0,0,0,0,0,0,False,False,False,False
65000060-068,0,0,0,0,0,0,False,False,False,False
65000060-065,1,1,1,1,1,0,False,False,False,False
65000060-024,0,0,0,0,0,0,False,False,False,False
65000060-018,0,0,0,0,0,0,False,False,False,False
65000060-030,0,0,0,0,0,0,False,False,False,False
65000060-012,5,5,5,5,5,0,False,False,False,False
65000060-060,0,0,0,0,0,0,False,False,False,False
65000060-027,0,0,0,0,0,0,False,False,False,False
65000050-054,1,2,2,1,1,2,True,False,True,False
65000050-058,2,2,2,2,2,0,False,False,False,False
65000050-053,1,6,6,5,5,1,True,False,True,False
65000050-014,1,1,1,1,1,0,False,False,False,False
65000050-057,2,2,2,2,2,0,False,False,False,False
65000050-075,2,2,2,2,2,0,False,False,False,False
65000050-017,1,1,1,1,1,0,False,False,False,False
65000050-023,2,2,2,2,2,0,False,False,False,False
65000050-011,2,2,2,2,2,0,False,False,False,False
65000050-051,1,1,1,1,1,0,False,False,False,False
65000050-020,2,2,2,2,2,0,False,False,False,False
65000050-052,1,2,2,1,1,2,True,False,True,False
65000050-043,5,5,5,5,5,0,False,False,False,False
65000050-028,0,2,2,5,5,1,True,False,True,False
65000050-061,2,2,2,2,2,0,False,False,False,False
65000050-030,1,2,2,5,5,1,True,False,True,False
65000050-084,1,1,1,1,1,0,False,False,False,False
65000050-044,1,1,1,1,1,0,False,False,False,False
65000050-041,1,1,1,1,1,0,False,False,False,False
65000050-083,1,1,1,1,1,0,False,False,False,False
65000050-038,1,1,1,1,1,0,False,False,False,False
65000050-004,2,2,2,2,2,0,False,False,False,False
65000050-060,1,2,2,2,1,2,True,False,False,True
65000050-012,1,1,1,1,1,0,False,False,False,False
65000050-036,5,2,5,2,5,2,True,True,True,True
65000050-027,2,2,2,2,2,0,False,False,False,False
65000050-046,2,2,2,2,2,0,False,False,False,False
65000050-033,1,1,1,6,6,1,False,False,True,False
65000050-055,2,2,2,2,2,0,False,False,False,False
65000050-003,2,2,2,1,1,1,False,False,True,False
65000050-024,6,6,6,6,6,0,False,False,False,False
65000050-078,4,4,4,4,4,0,False,False,False,False
65000050-047,2,2,2,2,2,0,False,False,False,False
65000050-070,1,1,1,1,1,0,False,False,False,False
65000050-056,2,2,2,2,2,0,False,False,False,False
65000050-069,6,6,6,6,6,0,False,False,False,False
65000050-009,2,2,2,2,2,0,False,False,False,False
65000050-007,1,1,1,1,1,0,False,False,False,False
65000050-025,6,6,6,6,6,0,False,False,False,False
65000050-039,6,6,6,6,6,0,False,False,False,False
65000050-008,6,6,6,5,5,1,False,False,True,False
65000050-071,1,1,1,1,1,0,False,False,False,False
65000050-019,6,6,6,6,6,0,False,False,False,False
65000050-022,5,5,5,5,5,0,False,False,False,False
65000050-065,6,6,6,6,6,0,False,False,False,False
65000050-010,6,6,6,6,6,0,False,False,False,False
65000050-073,1,1,1,2,2,1,False,False,True,False
65000050-064,1,6,6,5,5,1,True,False,True,False
65000050-063,1,1,1,1,1,0,False,False,False,False
65000050-074,2,2,2,2,2,0,False,False,False,False
65000050-016,6,6,5,5,5,1,False,True,False,False
65000050-081,1,1,1,1,1,0,False,False,False,False
65000050-032,1,1,1,1,1,0,False,False,False,False
65000050-082,2,2,2,2,2,0,False,False,False,False
65000050-035,1,1,1,1,1,0,False,False,False,False
65000050-077,1,1,1,1,1,0,False,False,False,False
65000050-001,1,1,1,1,1,0,False,False,False,False
65000050-040,5,6,5,5,5,2,True,True,False,False
65000050-018,1,1,1,1,1,0,False,False,False,False
65000050-080,2,2,2,0,2,2,False,False,True,True
65000050-005,1,5,5,5,5,1,True,False,False,False
65000050-068,6,6,5,6,5,2,False,True,True,True
65000050-072,0,5,5,5,5,1,True,False,False,False
65000050-026,6,6,6,5,5,1,False,False,True,False
65000050-034,1,1,1,1,1,0,False,False,False,False
65000050-062,1,2,2,2,2,1,True,False,False,False
65000050-076,1,2,2,5,5,1,True,False,True,False
65000050-029,1,2,2,1,1,2,True,False,True,False
65000050-037,1,1,1,1,1,0,False,False,False,False
65000050-059,1,1,1,1,1,0,False,False,False,False
65000050-031,1,1,1,1,1,0,False,False,False,False
65000050-049,2,2,2,2,2,0,False,False,False,False
65000050-042,1,1,1,1,1,0,False,False,False,False
65000050-045,1,1,1,1,1,0,False,False,False,False
65000050-013,6,6,5,5,5,1,False,True,False,False
65000050-066,4,4,4,4,4,0,False,False,False,False
65000050-021,1,2,2,1,1,2,True,False,True,False
65000050-015,1,1,1,1,1,0,False,False,False,False
65000050-006,1,1,1,1,1,0,False,False,False,False
65000050-048,5,5,5,5,5,0,False,False,False,False
65000050-002,1,2,2,6,6,1,True,False,True,False
65000050-067,1,1,1,1,1,0,False,False,False,False
65000050-079,0,2,2,2,2,1,True,False,False,False
65000050-050,5,2,5,5,5,2,True,True,False,False
65000010-092,4,4,4,4,4,0,False,False,False,False
65000010-010,1,4,1,1,1,2,True,True,False,False
65000010-058,4,4,4,4,4,0,False,False,False,False
65000010-123,1,1,1,1,1,0,False,False,False,False
65000010-081,4,4,4,4,4,0,False,False,False,False
65000010-034,4,4,4,4,4,0,False,False,False,False
65000010-026,4,4,4,4,4,0,False,False,False,False
65000010-088,4,4,4,4,4,0,False,False,False,False
65000010-091,4,4,4,4,4,0,False,False,False,False
65000010-060,4,4,4,4,4,0,False,False,False,False
65000010-053,1,4,1,1,1,2,True,True,False,False
65000010-114,4,4,4,4,4,0,False,False,False,False
65000010-013,4,4,4,4,4,0,False,False,False,False
65000010-021,4,4,4,4,4,0,False,False,False,False
65000010-036,4,4,4,4,4,0,False,False,False,False
65000010-082,1,1,1,1,1,0,False,False,False,False
65000010-014,4,4,4,4,4,0,False,False,False,False
65000010-073,4,4,4,4,4,0,False,False,False,False
65000010-054,4,4,4,4,4,0,False,False,False,False
65000010-061,4,4,4,4,4,0,False,False,False,False
65000010-112,1,1,1,1,1,0,False,False,False,False
65000010-094,4,4,4,4,4,0,False,False,False,False
65000010-125,4,4,4,4,4,0,False,False,False,False
65000010-079,4,4,4,4,4,0,False,False,False,False
65000010-033,1,1,1,1,1,0,False,False,False,False
65000010-107,1,4,1,1,1,2,True,True,False,False
65000010-120,0,2,0,2,0,2,True,True,True,True
65000010-098,4,4,4,4,4,0,False,False,False,False
65000010-045,4,4,4,4,4,0,False,False,False,False
65000010-023,4,4,4,4,4,0,False,False,False,False
65000010-078,4,4,4,4,4,0,False,False,False,False
65000010-064,4,4,4,4,4,0,False,False,False,False
65000010-083,1,1,1,1,1,0,False,False,False,False
65000010-019,4,4,4,4,4,0,False,False,False,False
65000010-110,4,4,4,4,4,0,False,False,False,False
65000010-093,4,4,4,4,4,0,False,False,False,False
65000010-037,4,4,4,4,4,0,False,False,False,False
65000010-044,4,4,4,4,4,0,False,False,False,False
65000010-024,4,4,4,4,4,0,False,False,False,False
65000010-048,4,4,4,4,4,0,False,False,False,False
65000010-113,4,4,4,4,4,0,False,False,False,False
65000010-052,4,4,4,4,4,0,False,False,False,False
65000010-051,4,4,4,4,4,0,False,False,False,False
65000010-005,4,4,4,4,4,0,False,False,False,False
65000010-104,4,4,4,4,4,0,False,False,False,False
65000010-103,4,4,4,4,4,0,False,False,False,False
65000010-046,4,4,4,4,4,0,False,False,False,False
65000010-119,4,4,4,4,4,0,False,False,False,False
65000010-027,4,4,4,4,4,0,False,False,False,False
65000010-022,4,4,4,4,4,0,False,False,False,False
65000010-105,4,4,4,4,4,0,False,False,False,False
65000010-102,4,4,4,4,4,0,False,False,False,False
65000010-035,4,4,4,4,4,0,False,False,False,False
65000010-007,4,4,4,4,4,0,False,False,False,False
65000010-039,4,4,4,4,4,0,False,False,False,False
65000010-075,4,4,4,4,4,0,False,False,False,False
65000010-117,4,4,4,4,4,0,False,False,False,False
65000010-068,4,4,4,4,4,0,False,False,False,False
65000010-122,4,4,4,4,4,0,False,False,False,False
65000010-118,4,4,4,4,4,0,False,False,False,False
65000010-040,4,4,4,4,4,0,False,False,False,False
65000010-041,4,4,4,4,4,0,False,False,False,False
65000010-126,4,4,4,0,4,2,False,False,True,True
65000010-108,4,4,4,4,4,0,False,False,False,False
65000010-115,4,4,4,4,4,0,False,False,False,False
65000010-072,4,4,4,4,4,0,False,False,False,False
65000010-018,4,4,4,4,4,0,False,False,False,False
65000010-109,4,4,4,4,4,0,False,False,False,False
65000010-062,4,4,4,4,4,0,False,False,False,False
65000010-029,4,4,4,4,4,0,False,False,False,False
65000010-002,4,4,4,4,4,0,False,False,False,False
65000010-089,4,4,4,4,4,0,False,False,False,False
65000010-057,4,4,4,4,4,0,False,False,False,False
65000010-065,4,4,4,4,4,0,False,False,False,False
65000010-050,4,4,4,4,4,0,False,False,False,False
65000010-015,4,4,4,4,4,0,False,False,False,False
65000010-017,4,4,4,4,4,0,False,False,False,False
65000010-006,4,4,4,4,4,0,False,False,False,False
65000010-100,4,4,0,4,0,2,False,True,True,True
65000010-099,4,1,1,4,4,2,True,False,True,False
65000010-124,1,1,1,1,1,0,False,False,False,False
65000010-031,4,4,4,4,4,0,False,False,False,False
65000010-038,4,4,4,4,4,0,False,False,False,False
65000010-020,4,4,4,4,4,0,False,False,False,False
65000010-059,4,4,4,4,4,0,False,False,False,False
65000010-001,4,4,4,4,4,0,False,False,False,False
65000010-025,4,4,4,4,4,0,False,False,False,False
65000010-008,4,4,4,4,4,0,False,False,False,False
65000010-070,4,4,4,4,4,0,False,False,False,False
65000010-056,2,2,2,2,2,0,False,False,False,False
65000010-095,4,4,4,4,4,0,False,False,False,False
65000010-074,4,4,4,4,4,0,False,False,False,False
65000010-076,4,4,4,4,4,0,False,False,False,False
65000010-071,4,4,4,4,4,0,False,False,False,False
65000010-049,4,4,4,4,4,0,False,False,False,False
65000010-030,4,4,4,4,4,0,False,False,False,False
65000010-096,4,4,4,4,4,0,False,False,False,False
65000010-032,4,4,4,4,4,0,False,False,False,False
65000010-011,4,4,4,4,4,0,False,False,False,False
65000010-012,4,4,4,4,4,0,False,False,False,False
65000010-121,4,4,4,4,4,0,False,False,False,False
65000010-106,4,4,4,4,4,0,False,False,False,False
65000010-090,4,4,4,4,4,0,False,False,False,False
65000010-086,4,4,4,4,4,0,False,False,False,False
65000010-087,4,4,4,4,4,0,False,False,False,False
65000010-028,4,4,4,4,4,0,False,False,False,False
65000010-111,4,4,4,4,4,0,False,False,False,False
65000010-043,4,4,4,4,4,0,False,False,False,False
65000010-084,4,4,4,4,4,0,False,False,False,False
65000010-085,4,4,4,4,4,0,False,False,False,False
65000010-067,4,4,4,4,4,0,False,False,False,False
65000010-003,4,4,4,4,4,0,False,False,False,False
65000010-077,4,4,4,4,4,0,False,False,False,False
65000010-080,4,4,4,4,4,0,False,False,False,False
65000010-016,4,4,4,4,4,0,False,False,False,False
65000010-055,1,4,1,1,1,2,True,True,False,False
65000010-069,4,4,4,4,4,0,False,False,False,False
65000010-116,4,4,4,4,4,0,False,False,False,False
65000010-063,4,4,4,4,4,0,False,False,False,False
65000010-047,4,4,4,4,4,0,False,False,False,False
65000010-066,4,4,4,4,4,0,False,False,False,False
65000010-009,4,4,4,4,4,0,False,False,False,False
65000010-101,4,4,4,4,4,0,False,False,False,False
65000010-004,4,4,4,4,4,0,False,False,False,False
65000010-097,4,4,4,4,4,0,False,False,False,False
65000010-042,4,4,4,4,4,0,False,False,False,False
65000170-011,0,0,0,0,0,0,False,False,False,False
65000170-005,1,1,1,1,1,0,False,False,False,False
65000170-015,1,1,1,1,1,0,False,False,False,False
65000170-008,1,5,5,5,5,1,True,False,False,False
65000170-012,0,0,0,0,0,0,False,False,False,False
65000170-014,0,0,0,0,0,0,False,False,False,False
65000170-009,1,1,1,1,1,0,False,False,False,False
65000170-001,1,1,1,1,1,0,False,False,False,False
65000170-002,1,1,1,1,1,0,False,False,False,False
65000170-006,0,0,0,0,0,0,False,False,False,False
65000170-007,1,1,1,1,1,0,False,False,False,False
65000170-013,0,0,0,0,0,0,False,False,False,False
65000170-004,1,1,1,1,1,0,False,False,False,False
65000170-003,1,1,1,1,1,0,False,False,False,False
65000170-010,0,0,0,0,0,0,False,False,False,False
65000170-017,1,1,1,1,1,0,False,False,False,False
65000170-016,1,6,5,5,5,1,True,True,False,False
65000070-007,0,0,0,0,0,0,False,False,False,False
65000070-001,1,1,1,1,1,0,False,False,False,False
65000070-002,0,0,0,0,0,0,False,False,False,False
65000070-003,0,0,0,0,0,0,False,False,False,False
65000070-042,5,6,5,5,5,2,True,True,False,False
65000070-036,0,0,0,0,0,0,False,False,False,False
65000070-038,1,1,1,1,1,0,False,False,False,False
65000070-005,1,2,1,1,1,2,True,True,False,False
65000070-031,1,1,1,1,1,0,False,False,False,False
65000070-025,1,1,1,1,1,0,False,False,False,False
65000070-024,1,1,1,1,1,0,False,False,False,False
65000070-015,1,1,1,1,1,0,False,False,False,False
65000070-004,1,1,1,1,1,0,False,False,False,False
65000070-040,1,1,1,1,1,0,False,False,False,False
65000070-041,1,1,1,1,1,0,False,False,False,False
65000070-028,1,1,1,1,1,0,False,False,False,False
65000070-012,1,1,1,1,1,0,False,False,False,False
65000070-014,1,1,1,1,1,0,False,False,False,False
65000070-039,1,1,1,1,1,0,False,False,False,False
65000070-035,1,1,1,1,1,0,False,False,False,False
65000070-016,1,1,1,1,1,0,False,False,False,False
65000070-017,1,1,1,1,1,0,False,False,False,False
65000070-033,1,1,1,1,1,0,False,False,False,False
65000070-034,1,1,1,1,1,0,False,False,False,False
65000070-022,1,1,1,1,1,0,False,False,False,False
65000070-018,1,1,1,1,1,0,False,False,False,False
65000070-020,1,1,1,1,1,0,False,False,False,False
65000070-019,1,1,1,1,1,0,False,False,False,False
65000070-026,1,1,1,1,1,0,False,False,False,False
65000070-021,0,0,0,0,0,0,False,False,False,False
65000070-011,1,1,1,1,1,0,False,False,False,False
65000070-027,2,2,0,2,2,2,False,True,True,False
65000070-010,2,1,1,2,2,2,True,False,True,False
65000070-008,2,0,0,2,2,2,True,False,True,False
65000070-013,1,1,1,1,1,0,False,False,False,False
65000070-030,2,2,0,0,0,1,False,True,False,False
65000070-029,1,1,1,1,1,0,False,False,False,False
65000070-009,2,0,2,0,0,2,True,True,True,False
65000070-006,1,1,1,1,1,0,False,False,False,False
65000070-037,2,2,2,2,2,0,False,False,False,False
65000070-023,0,0,0,0,0,0,False,False,False,False
65000070-032,1,1,1,1,1,0,False,False,False,False
65000040-051,2,2,2,2,2,0,False,False,False,False
65000040-022,2,2,2,2,2,0,False,False,False,False
65000040-046,2,2,2,2,2,0,False,False,False,False
65000040-014,2,2,2,2,2,0,False,False,False,False
65000040-018,2,2,2,2,2,0,False,False,False,False
65000040-005,2,2,2,2,2,0,False,False,False,False
65000040-013,2,2,2,2,2,0,False,False,False,False
65000040-033,2,2,2,2,2,0,False,False,False,False
65000040-062,2,2,2,2,2,0,False,False,False,False
65000040-057,2,2,2,2,2,0,False,False,False,False
65000040-036,2,2,2,2,2,0,False,False,False,False
65000040-004,2,2,2,2,2,0,False,False,False,False
65000040-043,2,2,2,2,2,0,False,False,False,False
65000040-019,2,2,2,2,2,0,False,False,False,False
65000040-027,2,2,2,2,2,0,False,False,False,False
65000040-044,2,2,2,2,2,0,False,False,False,False
65000040-042,2,2,2,2,2,0,False,False,False,False
65000040-032,2,2,2,2,2,0,False,False,False,False
65000040-025,2,2,2,2,2,0,False,False,False,False
65000040-056,2,2,2,2,2,0,False,False,False,False
65000040-058,2,2,2,2,2,0,False,False,False,False
65000040-039,2,2,2,2,2,0,False,False,False,False
65000040-037,2,2,2,2,2,0,False,False,False,False
65000040-010,2,2,2,2,2,0,False,False,False,False
65000040-002,2,2,2,2,2,0,False,False,False,False
65000040-045,0,0,0,0,0,0,False,False,False,False
65000040-041,2,2,2,2,2,0,False,False,False,False
65000040-040,2,2,2,2,2,0,False,False,False,False
65000040-055,2,2,2,2,2,0,False,False,False,False
65000040-053,2,2,2,2,2,0,False,False,False,False
65000040-059,2,2,0,2,2,2,False,True,True,False
65000040-016,2,2,2,2,2,0,False,False,False,False
65000040-034,2,2,0,2,2,2,False,True,True,False
65000040-035,2,0,0,2,0,2,True,False,True,True
65000040-017,2,2,2,2,2,0,False,False,False,False
65000040-008,2,2,2,2,2,0,False,False,False,False
65000040-049,2,2,2,2,2,0,False,False,False,False
65000040-026,2,2,2,2,2,0,False,False,False,False
65000040-011,2,2,2,2,2,0,False,False,False,False
65000040-015,2,2,2,2,2,0,False,False,False,False
65000040-009,2,2,2,2,2,0,False,False,False,False
65000040-061,2,2,2,2,2,0,False,False,False,False
65000040-007,2,2,2,2,2,0,False,False,False,False
65000040-054,2,2,2,2,2,0,False,False,False,False
65000040-006,2,2,2,2,2,0,False,False,False,False
65000040-028,2,2,2,2,2,0,False,False,False,False
65000040-048,2,2,2,2,2,0,False,False,False,False
65000040-030,2,2,2,2,2,0,False,False,False,False
65000040-031,2,2,2,2,2,0,False,False,False,False
65000040-038,2,2,2,2,2,0,False,False,False,False
65000040-001,2,2,2,2,2,0,False,False,False,False
65000040-060,2,2,2,2,2,0,False,False,False,False
65000040-047,2,2,2,2,2,0,False,False,False,False
65000040-050,2,2,2,2,2,0,False,False,False,False
65000040-021,0,0,0,0,0,0,False,False,False,False
65000040-020,2,2,2,2,2,0,False,False,False,False
65000040-012,2,2,2,2,2,0,False,False,False,False
65000040-023,2,2,2,2,2,0,False,False,False,False
65000040-052,2,2,2,2,2,0,False,False,False,False
65000040-003,2,2,2,2,2,0,False,False,False,False
65000040-024,2,2,2,2,2,0,False,False,False,False
65000040-029,2,2,2,2,2,0,False,False,False,False
65000110-026,1,1,1,1,1,0,False,False,False,False
65000110-028,4,1,1,1,1,1,True,False,False,False
65000110-011,0,0,0,0,0,0,False,False,False,False
65000110-050,0,0,0,0,0,0,False,False,False,False
65000110-012,0,0,0,0,0,0,False,False,False,False
65000110-004,1,1,1,1,1,0,False,False,False,False
65000110-017,0,0,0,0,0,0,False,False,False,False
65000110-020,1,1,1,1,1,0,False,False,False,False
65000110-019,1,1,1,1,1,0,False,False,False,False
65000110-029,1,1,1,1,1,0,False,False,False,False
65000110-048,1,1,1,1,1,0,False,False,False,False
65000110-041,1,1,1,1,1,0,False,False,False,False
65000110-025,1,1,1,1,1,0,False,False,False,False
65000110-040,1,1,1,1,1,0,False,False,False,False
65000110-042,1,1,1,1,1,0,False,False,False,False
65000110-036,1,1,1,1,1,0,False,False,False,False
65000110-047,1,1,1,1,1,0,False,False,False,False
65000110-008,1,1,1,1,1,0,False,False,False,False
65000110-030,1,1,1,1,1,0,False,False,False,False
65000110-037,0,0,0,0,0,0,False,False,False,False
65000110-015,0,0,0,0,0,0,False,False,False,False
65000110-032,1,1,1,1,1,0,False,False,False,False
65000110-007,1,1,1,1,1,0,False,False,False,False
65000110-003,1,1,1,1,1,0,False,False,False,False
65000110-039,1,1,1,1,1,0,False,False,False,False
65000110-023,0,0,0,0,0,0,False,False,False,False
65000110-018,1,1,1,1,1,0,False,False,False,False
65000110-005,1,1,1,1,1,0,False,False,False,False
65000110-022,5,5,5,5,5,0,False,False,False,False
65000110-014,1,1,1,1,1,0,False,False,False,False
65000110-027,1,1,1,1,1,0,False,False,False,False
65000110-043,0,0,0,0,0,0,False,False,False,False
65000110-049,1,1,1,1,1,0,False,False,False,False
65000110-016,0,0,0,0,0,0,False,False,False,False
65000110-038,1,1,1,1,1,0,False,False,False,False
65000110-021,1,1,1,1,1,0,False,False,False,False
65000110-045,1,1,1,1,1,0,False,False,False,False
65000110-024,1,1,1,1,1,0,False,False,False,False
65000110-034,1,1,1,1,1,0,False,False,False,False
65000110-002,1,1,1,1,1,0,False,False,False,False
65000110-046,1,1,1,1,1,0,False,False,False,False
65000110-006,1,1,1,1,1,0,False,False,False,False
65000110-001,1,1,1,1,1,0,False,False,False,False
65000110-031,1,1,1,1,1,0,False,False,False,False
65000110-035,1,1,1,1,1,0,False,False,False,False
65000110-009,0,0,0,0,0,0,False,False,False,False
65000110-013,0,0,0,0,0,0,False,False,False,False
65000110-033,1,1,1,1,1,0,False,False,False,False
65000110-010,0,0,0,0,0,0,False,False,False,False
65000110-044,0,0,0,0,0,0,False,False,False,False
65000160-017,2,2,2,2,2,0,False,False,False,False
65000160-006,1,1,1,1,1,0,False,False,False,False
65000160-011,2,2,2,2,2,0,False,False,False,False
65000160-001,1,1,1,1,1,0,False,False,False,False
65000160-003,1,1,2,1,1,2,False,True,True,False
65000160-014,0,2,0,0,0,2,True,True,False,False
65000160-008,0,0,0,0,0,0,False,False,False,False
65000160-005,1,6,5,5,5,1,True,True,False,False
65000160-013,1,2,1,1,1,2,True,True,False,False
65000160-004,1,2,2,5,5,1,True,False,True,False
65000160-016,2,2,2,2,5,1,False,False,False,True
65000160-012,1,2,5,5,5,1,True,True,False,False
65000160-007,1,1,1,1,1,0,False,False,False,False
65000160-010,5,6,5,5,5,2,True,True,False,False
65000160-009,1,1,1,1,1,0,False,False,False,False
65000160-015,1,1,1,1,1,0,False,False,False,False
65000160-002,1,1,1,1,1,0,False,False,False,False
65000100-001,0,0,0,0,0,0,False,False,False,False
65000100-023,2,2,5,5,5,1,False,True,False,False
65000100-020,5,5,5,5,5,0,False,False,False,False
65000100-012,1,1,5,5,5,1,False,True,False,False
65000100-038,1,1,5,5,5,1,False,True,False,False
65000100-027,2,1,2,1,1,2,True,True,True,False
65000100-016,1,1,1,1,1,0,False,False,False,False
65000100-009,0,0,0,5,5,1,False,False,True,False
65000100-042,0,0,5,5,5,1,False,True,False,False
65000100-041,0,0,5,5,5,1,False,True,False,False
65000100-002,0,0,0,0,0,0,False,False,False,False
65000100-008,1,1,5,5,5,1,False,True,False,False
65000100-040,5,5,5,5,5,0,False,False,False,False
65000100-014,0,0,0,0,0,0,False,False,False,False
65000100-007,0,0,0,0,0,0,False,False,False,False
65000100-031,1,1,1,1,1,0,False,False,False,False
65000100-035,1,1,2,2,2,1,False,True,False,False
65000100-036,1,1,1,1,1,0,False,False,False,False
65000100-030,1,1,2,1,1,2,False,True,True,False
65000100-034,1,1,1,1,1,0,False,False,False,False
65000100-010,1,1,2,2,2,1,False,True,False,False
65000100-015,0,0,0,0,0,0,False,False,False,False
65000100-037,0,2,3,5,5,1,True,True,True,False
65000100-029,2,1,2,2,2,2,True,True,False,False
65000100-039,0,0,0,0,0,0,False,False,False,False
65000100-019,5,5,5,5,5,0,False,False,False,False
65000100-013,0,0,0,0,0,0,False,False,False,False
65000100-011,1,1,2,2,2,1,False,True,False,False
65000100-028,2,1,2,1,1,2,True,True,True,False
65000100-033,0,0,5,5,5,1,False,True,False,False
65000100-032,1,1,1,5,5,1,False,False,True,False
65000100-025,2,0,2,0,0,2,True,True,True,False
65000100-017,5,5,5,5,5,0,False,False,False,False
65000100-018,0,0,0,0,0,0,False,False,False,False
65000100-021,0,0,5,5,5,1,False,True,False,False
65000100-006,0,0,0,0,0,0,False,False,False,False
65000100-004,0,0,0,0,0,0,False,False,False,False
65000100-026,2,5,5,2,5,2,True,False,True,True
65000100-005,0,0,0,0,0,0,False,False,False,False
65000100-003,0,0,0,0,0,0,False,False,False,False
65000100-022,5,5,5,5,5,0,False,False,False,False
65000100-024,2,2,2,2,2,0,False,False,False,False
65000180-003,1,1,1,1,1,0,False,False,False,False
65000180-006,1,1,1,1,1,0,False,False,False,False
65000180-004,1,1,1,1,1,0,False,False,False,False
65000180-001,1,1,1,1,1,0,False,False,False,False
65000180-007,0,0,0,0,0,0,False,False,False,False
65000180-002,0,0,0,0,0,0,False,False,False,False
65000180-008,0,0,0,0,0,0,False,False,False,False
65000180-005,1,1,1,1,1,0,False,False,False,False
65000290-004,0,0,0,0,0,0,False,False,False,False
65000290-005,0,0,0,0,0,0,False,False,False,False
65000290-002,0,0,0,0,0,0,False,False,False,False
65000290-001,1,1,1,1,1,0,False,False,False,False
65000290-003,0,0,0,0,0,0,False,False,False,False
65000120-027,0,0,0,0,0,0,False,False,False,False
65000120-028,0,0,0,1,1,1,False,False,True,False
65000120-010,0,0,0,0,0,0,False,False,False,False
65000120-013,1,1,1,0,0,1,False,False,True,False
65000120-015,0,0,0,0,0,0,False,False,False,False
65000120-032,0,0,0,0,0,0,False,False,False,False
65000120-012,0,0,0,1,1,1,False,False,True,False
65000120-011,0,0,0,1,1,1,False,False,True,False
65000120-018,1,1,1,1,1,0,False,False,False,False
65000120-020,1,1,1,1,1,0,False,False,False,False
65000120-016,1,1,1,1,1,0,False,False,False,False
65000120-023,1,1,1,1,1,0,False,False,False,False
65000120-034,1,1,1,1,1,0,False,False,False,False
65000120-009,1,1,1,1,1,0,False,False,False,False
65000120-008,1,1,1,0,0,1,False,False,True,False
65000120-019,1,1,1,0,0,1,False,False,True,False
65000120-029,0,0,0,0,0,0,False,False,False,False
65000120-031,0,0,0,0,0,0,False,False,False,False
65000120-007,0,0,0,0,0,0,False,False,False,False
65000120-014,0,0,0,0,0,0,False,False,False,False
65000120-030,1,1,1,1,1,0,False,False,False,False
65000120-024,1,1,1,1,1,0,False,False,False,False
65000120-026,1,1,1,1,1,0,False,False,False,False
65000120-017,0,0,0,0,0,0,False,False,False,False
65000120-021,1,1,1,1,1,0,False,False,False,False
65000120-025,1,1,1,1,1,0,False,False,False,False
65000120-022,1,1,1,1,1,0,False,False,False,False
65000120-033,0,0,0,0,0,0,False,False,False,False
65000120-006,1,1,1,1,1,0,False,False,False,False
65000120-005,1,1,1,1,1,0,False,False,False,False
65000120-004,1,1,1,1,1,0,False,False,False,False
65000120-001,1,1,1,1,1,0,False,False,False,False
65000120-002,1,1,1,1,1,0,False,False,False,False
65000120-003,1,1,1,1,1,0,False,False,False,False
65000190-008,0,0,0,0,0,0,False,False,False,False
65000190-009,0,0,0,0,0,0,False,False,False,False
65000190-005,0,0,0,0,0,0,False,False,False,False
65000190-012,0,0,0,0,0,0,False,False,False,False
65000190-011,0,0,0,0,0,0,False,False,False,False
65000190-007,0,0,0,0,0,0,False,False,False,False
65000190-002,0,0,0,0,0,0,False,False,False,False
65000190-004,0,0,0,0,0,0,False,False,False,False
65000190-001,0,0,0,0,0,0,False,False,False,False
65000190-010,1,1,1,1,1,0,False,False,False,False
65000190-006,0,0,0,0,0,0,False,False,False,False
65000190-003,1,1,1,1,1,0,False,False,False,False
65000220-007,0,0,0,0,0,0,False,False,False,False
65000220-002,0,0,0,0,0,0,False,False,False,False
65000220-006,1,1,1,1,1,0,False,False,False,False
65000220-004,1,1,1,1,1,0,False,False,False,False
65000220-001,0,0,0,0,0,0,False,False,False,False
65000220-005,1,1,1,1,1,0,False,False,False,False
65000220-003,0,0,0,0,0,0,False,False,False,False
65000220-008,0,0,0,0,0,0,False,False,False,False
65000220-009,0,0,0,0,0,0,False,False,False,False
65000280-009,0,0,0,0,0,0,False,False,False,False
65000280-010,1,1,1,1,1,0,False,False,False,False
65000280-004,0,0,0,0,0,0,False,False,False,False
65000280-008,0,0,0,0,0,0,False,False,False,False
65000280-007,0,0,0,0,0,0,False,False,False,False
65000280-005,0,0,0,0,0,0,False,False,False,False
65000280-001,1,1,1,1,1,0,False,False,False,False
65000280-003,0,0,0,0,0,0,False,False,False,False
65000280-006,0,0,0,0,0,0,False,False,False,False
65000280-002,1,1,1,1,1,0,False,False,False,False
65000140-002,2,2,2,2,2,0,False,False,False,False
65000140-025,2,2,2,2,2,0,False,False,False,False
65000140-003,2,2,2,2,2,0,False,False,False,False
65000140-024,0,0,0,0,0,0,False,False,False,False
65000140-013,2,2,2,5,5,1,False,False,True,False
65000140-027,2,2,2,2,2,0,False,False,False,False
65000140-022,2,2,2,2,2,0,False,False,False,False
65000140-028,2,2,2,2,2,0,False,False,False,False
65000140-005,2,2,2,2,2,0,False,False,False,False
65000140-012,2,2,2,5,5,1,False,False,True,False
65000140-030,5,5,5,5,5,0,False,False,False,False
65000140-018,2,2,2,2,2,0,False,False,False,False
65000140-029,2,2,2,1,1,1,False,False,True,False
65000140-004,2,2,2,2,2,0,False,False,False,False
65000140-015,2,2,2,2,2,0,False,False,False,False
65000140-036,0,0,0,0,0,0,False,False,False,False
65000140-026,2,2,2,0,0,1,False,False,True,False
65000140-014,2,2,2,2,2,0,False,False,False,False
65000140-020,0,0,0,0,0,0,False,False,False,False
65000140-033,2,2,2,2,2,0,False,False,False,False
65000140-023,2,2,2,2,2,0,False,False,False,False
65000140-009,2,2,2,2,2,0,False,False,False,False
65000140-037,2,2,2,2,2,0,False,False,False,False
65000140-007,1,1,1,1,1,0,False,False,False,False
65000140-011,2,2,2,2,2,0,False,False,False,False
65000140-001,5,5,5,5,5,0,False,False,False,False
65000140-032,3,2,2,2,2,1,True,False,False,False
65000140-021,0,2,0,0,0,2,True,True,False,False
65000140-006,2,2,2,2,2,0,False,False,False,False
65000140-035,0,0,0,0,0,0,False,False,False,False
65000140-017,2,2,2,2,2,0,False,False,False,False
65000140-038,2,2,2,2,2,0,False,False,False,False
65000140-016,2,2,2,2,2,0,False,False,False,False
65000140-010,2,2,2,5,5,1,False,False,True,False
65000140-019,0,2,2,0,2,2,True,False,True,True
65000140-034,2,2,2,2,5,1,False,False,False,True
65000140-031,2,2,2,2,2,0,False,False,False,False
65000140-008,2,2,2,2,2,0,False,False,False,False
65000260-007,0,0,0,0,0,0,False,False,False,False
65000260-002,0,0,0,0,0,0,False,False,False,False
65000260-011,0,0,0,0,0,0,False,False,False,False
65000260-008,0,0,0,0,0,0,False,False,False,False
65000260-009,0,0,0,0,0,0,False,False,False,False
65000260-006,1,1,1,1,1,0,False,False,False,False
65000260-010,0,0,0,0,0,0,False,False,False,False
65000260-001,1,1,1,1,1,0,False,False,False,False
65000260-003,1,1,1,1,1,0,False,False,False,False
65000260-004,1,1,1,1,1,0,False,False,False,False
65000260-005,1,1,1,1,1,0,False,False,False,False
65000270-010,0,0,0,0,0,0,False,False,False,False
65000270-006,1,1,1,1,1,0,False,False,False,False
65000270-008,0,0,0,0,0,0,False,False,False,False
65000270-009,1,1,1,1,1,0,False,False,False,False
65000270-001,1,1,1,1,1,0,False,False,False,False
65000270-002,1,1,1,1,1,0,False,False,False,False
65000270-014,0,0,0,0,0,0,False,False,False,False
65000270-011,0,0,0,0,0,0,False,False,False,False
65000270-004,1,1,1,1,1,0,False,False,False,False
65000270-005,1,1,1,1,1,0,False,False,False,False
65000270-012,0,0,0,0,0,0,False,False,False,False
65000270-013,0,0,0,0,0,0,False,False,False,False
65000270-003,0,0,0,0,0,0,False,False,False,False
65000270-007,0,0,0,0,0,0,False,False,False,False
65000270-015,1,1,1,1,1,0,False,False,False,False
65000250-005,0,0,0,0,0,0,False,False,False,False
65000250-007,0,0,0,0,0,0,False,False,False,False
65000250-009,0,0,0,0,0,0,False,False,False,False
65000250-002,1,1,1,1,1,0,False,False,False,False
65000250-010,0,0,0,0,0,0,False,False,False,False
65000250-008,1,1,1,1,1,0,False,False,False,False
65000250-003,1,1,1,1,1,0,False,False,False,False
65000250-012,0,0,0,0,0,0,False,False,False,False
65000250-006,1,1,1,1,1,0,False,False,False,False
65000250-011,0,0,0,0,0,0,False,False,False,False
65000250-001,1,1,1,1,1,0,False,False,False,False
65000250-004,1,1,1,1,1,0,False,False,False,False
65000080-018,1,1,1,1,1,0,False,False,False,False
65000080-005,1,1,1,1,1,0,False,False,False,False
65000080-011,1,1,1,1,1,0,False,False,False,False
65000080-012,1,1,1,1,1,0,False,False,False,False
65000080-004,0,0,0,0,0,0,False,False,False,False
65000080-009,1,1,1,1,1,0,False,False,False,False
65000080-003,1,1,1,1,1,0,False,False,False,False
65000080-007,1,1,1,1,1,0,False,False,False,False
65000080-014,1,1,1,1,1,0,False,False,False,False
65000080-010,1,1,1,1,1,0,False,False,False,False
65000080-020,1,1,1,1,1,0,False,False,False,False
65000080-006,0,0,0,0,0,0,False,False,False,False
65000080-013,0,0,0,0,0,0,False,False,False,False
65000080-001,1,1,1,1,1,0,False,False,False,False
65000080-017,1,1,1,1,1,0,False,False,False,False
65000080-008,1,1,1,1,1,0,False,False,False,False
65000080-002,1,1,1,1,1,0,False,False,False,False
65000080-019,1,1,1,1,1,0,False,False,False,False
65000080-016,1,1,1,1,1,0,False,False,False,False
65000080-015,1,1,1,1,1,0,False,False,False,False
63000040-027,6,6,6,6,6,0,False,False,False,False
63000040-031,6,6,5,6,5,2,False,True,True,True
63000040-030,6,6,6,6,6,0,False,False,False,False
63000040-033,6,6,5,5,5,1,False,True,False,False
63000040-006,6,6,6,6,6,0,False,False,False,False
63000040-023,6,6,6,6,6,0,False,False,False,False
63000040-013,5,5,5,5,5,0,False,False,False,False
63000040-039,6,6,6,6,6,0,False,False,False,False
63000040-042,5,5,5,5,5,0,False,False,False,False
63000040-012,5,6,5,5,5,2,True,True,False,False
63000040-037,6,6,5,6,6,2,False,True,True,False
63000040-017,5,6,5,5,5,2,True,True,False,False
63000040-014,5,5,5,5,5,0,False,False,False,False
63000040-005,6,6,5,6,5,2,False,True,True,True
63000040-040,6,6,6,6,6,0,False,False,False,False
63000040-010,6,6,6,6,5,1,False,False,False,True
63000040-015,6,6,5,5,5,1,False,True,False,False
63000040-018,6,6,6,6,6,0,False,False,False,False
63000040-019,5,6,5,5,5,2,True,True,False,False
63000040-022,6,6,6,6,6,0,False,False,False,False
63000040-020,6,6,6,6,6,0,False,False,False,False
63000040-011,5,6,5,5,5,2,True,True,False,False
63000040-036,6,6,6,6,6,0,False,False,False,False
63000040-038,6,6,5,6,6,2,False,True,True,False
63000040-034,6,6,5,5,5,1,False,True,False,False
63000040-021,6,6,6,6,6,0,False,False,False,False
63000040-001,6,6,6,6,6,0,False,False,False,False
63000040-003,6,6,5,5,5,1,False,True,False,False
63000040-002,6,6,6,6,6,0,False,False,False,False
63000040-004,6,6,5,6,6,2,False,True,True,False
63000040-016,6,6,5,6,5,2,False,True,True,True
63000040-028,6,6,5,6,6,2,False,True,True,False
63000040-029,6,6,5,6,6,2,False,True,True,False
63000040-007,6,6,6,6,6,0,False,False,False,False
63000040-009,6,6,6,6,6,0,False,False,False,False
63000040-032,6,6,6,6,6,0,False,False,False,False
63000040-025,6,6,6,6,6,0,False,False,False,False
63000040-026,4,4,4,4,4,0,False,False,False,False
63000040-024,6,6,6,6,6,0,False,False,False,False
63000040-041,5,5,5,5,5,0,False,False,False,False
63000040-008,5,6,5,5,5,2,True,True,False,False
63000040-035,6,6,5,5,5,1,False,True,False,False
63000050-031,6,6,6,6,6,0,False,False,False,False
63000050-023,6,6,6,6,6,0,False,False,False,False
63000050-019,6,6,5,5,5,1,False,True,False,False
63000050-017,5,5,5,5,5,0,False,False,False,False
63000050-002,5,5,5,5,5,0,False,False,False,False
63000050-027,6,6,6,6,6,0,False,False,False,False
63000050-026,5,6,5,5,5,2,True,True,False,False
63000050-015,1,1,1,1,1,0,False,False,False,False
63000050-022,5,5,5,5,5,0,False,False,False,False
63000050-014,1,1,1,1,1,0,False,False,False,False
63000050-016,6,6,6,6,6,0,False,False,False,False
63000050-029,5,6,5,5,5,2,True,True,False,False
63000050-003,5,5,5,5,5,0,False,False,False,False
63000050-030,6,6,6,6,6,0,False,False,False,False
63000050-021,6,6,5,5,5,1,False,True,False,False
63000050-028,6,6,5,5,5,1,False,True,False,False
63000050-008,6,6,5,5,5,1,False,True,False,False
63000050-004,5,5,5,5,5,0,False,False,False,False
63000050-025,6,6,5,5,5,1,False,True,False,False
63000050-001,5,5,5,5,5,0,False,False,False,False
63000050-011,2,1,2,2,2,2,True,True,False,False
63000050-012,2,2,2,2,2,0,False,False,False,False
63000050-005,5,5,5,5,5,0,False,False,False,False
63000050-007,5,5,5,5,5,0,False,False,False,False
63000050-009,6,6,5,6,6,2,False,True,True,False
63000050-010,2,1,1,1,1,1,True,False,False,False
63000050-006,6,6,6,6,6,0,False,False,False,False
63000050-024,6,6,5,5,5,1,False,True,False,False
63000050-018,5,5,5,5,5,0,False,False,False,False
63000050-020,5,5,5,5,5,0,False,False,False,False
63000050-013,2,1,1,1,1,1,True,False,False,False
63000020-030,5,5,5,5,5,0,False,False,False,False
63000020-031,5,5,5,5,5,0,False,False,False,False
63000020-024,5,5,5,5,5,0,False,False,False,False
63000020-004,6,6,5,5,6,2,False,True,False,True
63000020-025,5,6,5,5,5,2,True,True,False,False
63000020-013,6,6,6,6,6,0,False,False,False,False
63000020-012,6,6,5,6,6,2,False,True,True,False
63000020-032,1,1,1,1,1,0,False,False,False,False
63000020-010,6,6,5,6,6,2,False,True,True,False
63000020-037,5,5,5,6,6,1,False,False,True,False
63000020-017,6,6,6,6,6,0,False,False,False,False
63000020-016,6,6,5,6,6,2,False,True,True,False
63000020-020,6,6,6,6,6,0,False,False,False,False
63000020-027,5,6,5,6,6,2,True,True,True,False
63000020-026,6,6,5,5,5,1,False,True,False,False
63000020-009,6,6,5,5,5,1,False,True,False,False
63000020-019,0,0,0,5,5,1,False,False,True,False
63000020-008,6,6,5,6,5,2,False,True,True,True
63000020-029,5,5,5,5,5,0,False,False,False,False
63000020-007,6,6,5,6,6,2,False,True,True,False
63000020-005,6,6,6,6,6,0,False,False,False,False
63000020-035,5,5,5,5,5,0,False,False,False,False
63000020-028,5,6,5,5,5,2,True,True,False,False
63000020-034,6,5,5,5,5,1,True,False,False,False
63000020-023,6,6,6,5,5,1,False,False,True,False
63000020-022,5,6,5,5,5,2,True,True,False,False
63000020-021,1,1,1,1,1,0,False,False,False,False
63000020-002,6,6,5,5,5,1,False,True,False,False
63000020-014,6,6,5,6,6,2,False,True,True,False
63000020-018,6,6,6,6,6,0,False,False,False,False
63000020-033,1,1,1,1,1,0,False,False,False,False
63000020-003,6,6,5,5,5,1,False,True,False,False
63000020-006,6,6,5,6,5,2,False,True,True,True
63000020-001,6,6,5,5,5,1,False,True,False,False
63000020-015,6,6,5,5,5,1,False,True,False,False
63000020-011,6,6,6,6,6,0,False,False,False,False
63000020-036,5,5,5,5,5,0,False,False,False,False
63000020-041,5,5,5,5,5,0,False,False,False,False
63000020-039,5,5,5,5,5,0,False,False,False,False
63000020-040,5,5,5,5,5,0,False,False,False,False
63000020-038,5,5,5,5,5,0,False,False,False,False
63000100-022,5,6,5,5,5,2,True,True,False,False
63000100-009,5,5,5,5,5,0,False,False,False,False
63000100-025,0,0,0,0,0,0,False,False,False,False
63000100-040,5,6,5,5,5,2,True,True,False,False
63000100-012,5,5,5,5,5,0,False,False,False,False
63000100-033,0,0,0,0,0,0,False,False,False,False
63000100-031,5,6,5,5,5,2,True,True,False,False
63000100-039,1,1,1,1,1,0,False,False,False,False
63000100-035,5,6,5,5,5,2,True,True,False,False
63000100-036,5,6,5,5,5,2,True,True,False,False
63000100-023,5,2,5,5,5,2,True,True,False,False
63000100-024,0,2,0,0,0,2,True,True,False,False
63000100-017,5,5,5,5,5,0,False,False,False,False
63000100-005,5,5,5,5,5,0,False,False,False,False
63000100-007,5,5,5,5,5,0,False,False,False,False
63000100-008,5,5,5,5,5,0,False,False,False,False
63000100-006,6,6,5,6,6,2,False,True,True,False
63000100-030,1,1,1,1,1,0,False,False,False,False
63000100-010,5,5,5,5,5,0,False,False,False,False
63000100-029,5,5,5,5,5,0,False,False,False,False
63000100-021,5,5,5,5,5,0,False,False,False,False
63000100-020,5,5,5,5,5,0,False,False,False,False
63000100-028,1,1,1,1,1,0,False,False,False,False
63000100-015,5,5,5,5,5,0,False,False,False,False
63000100-032,5,5,5,5,5,0,False,False,False,False
63000100-011,5,5,5,5,5,0,False,False,False,False
63000100-019,5,5,5,5,5,0,False,False,False,False
63000100-016,5,5,5,5,5,0,False,False,False,False
63000100-018,5,6,5,5,5,2,True,True,False,False
63000100-037,5,6,5,5,5,2,True,True,False,False
63000100-027,5,5,5,5,5,0,False,False,False,False
63000100-003,5,5,5,5,5,0,False,False,False,False
63000100-002,5,5,5,5,5,0,False,False,False,False
63000100-001,5,5,5,5,5,0,False,False,False,False
63000100-026,6,5,5,5,5,1,True,False,False,False
63000100-034,5,6,5,5,5,2,True,True,False,False
63000100-014,0,0,0,0,0,0,False,False,False,False
63000100-013,5,5,5,5,5,0,False,False,False,False
63000100-038,5,5,5,5,5,0,False,False,False,False
63000120-037,5,5,5,5,5,0,False,False,False,False
63000120-030,0,0,0,0,0,0,False,False,False,False
63000120-022,5,5,5,5,5,0,False,False,False,False
63000120-028,5,5,5,5,5,0,False,False,False,False
63000120-027,5,5,5,5,5,0,False,False,False,False
63000120-018,5,5,5,5,5,0,False,False,False,False
63000120-013,5,5,2,5,5,2,False,True,True,False
63000120-014,0,0,0,0,0,0,False,False,False,False
63000120-024,5,5,5,5,5,0,False,False,False,False
63000120-041,1,1,1,1,1,0,False,False,False,False
63000120-020,5,5,5,5,5,0,False,False,False,False
63000120-015,5,5,5,5,6,1,False,False,False,True
63000120-001,5,5,5,5,5,0,False,False,False,False
63000120-008,5,5,5,5,5,0,False,False,False,False
63000120-033,5,5,5,5,5,0,False,False,False,False
63000120-002,5,5,5,5,5,0,False,False,False,False
63000120-031,5,5,5,5,5,0,False,False,False,False
63000120-012,5,5,5,5,5,0,False,False,False,False
63000120-026,5,5,5,5,5,0,False,False,False,False
63000120-036,5,5,5,5,5,0,False,False,False,False
63000120-005,5,5,5,5,5,0,False,False,False,False
63000120-006,5,5,5,5,5,0,False,False,False,False
63000120-009,0,0,0,0,0,0,False,False,False,False
63000120-011,0,0,0,0,0,0,False,False,False,False
63000120-010,0,0,0,0,0,0,False,False,False,False
63000120-039,0,0,0,0,0,0,False,False,False,False
63000120-019,0,0,0,0,0,0,False,False,False,False
63000120-021,5,5,5,5,5,0,False,False,False,False
63000120-040,0,0,0,0,0,0,False,False,False,False
63000120-042,0,0,0,0,0,0,False,False,False,False
63000120-025,5,5,5,5,5,0,False,False,False,False
63000120-003,5,5,5,5,5,0,False,False,False,False
63000120-004,5,5,5,5,5,0,False,False,False,False
63000120-032,0,0,0,0,0,0,False,False,False,False
63000120-035,5,5,5,5,5,0,False,False,False,False
63000120-016,5,5,5,5,5,0,False,False,False,False
63000120-017,5,5,5,5,5,0,False,False,False,False
63000120-007,5,5,5,5,5,0,False,False,False,False
63000120-034,5,5,5,5,5,0,False,False,False,False
63000120-023,5,5,5,5,5,0,False,False,False,False
63000120-029,5,5,5,5,5,0,False,False,False,False
63000120-038,5,5,5,5,5,0,False,False,False,False
63000090-004,5,6,5,5,5,2,True,True,False,False
63000090-002,5,5,5,5,5,0,False,False,False,False
63000090-017,1,1,1,1,1,0,False,False,False,False
63000090-018,0,0,0,0,0,0,False,False,False,False
63000090-019,1,1,1,1,1,0,False,False,False,False
63000090-001,6,5,5,5,5,1,True,False,False,False
63000090-010,6,5,5,6,6,2,True,False,True,False
63000090-011,5,5,5,5,5,0,False,False,False,False
63000090-006,5,5,5,5,5,0,False,False,False,False
63000090-003,5,5,5,5,5,0,False,False,False,False
63000090-005,5,5,5,5,5,0,False,False,False,False
63000090-007,5,5,5,5,5,0,False,False,False,False
63000090-009,5,5,5,6,6,1,False,False,True,False
63000090-014,1,1,1,1,1,0,False,False,False,False
63000090-015,5,6,5,5,5,2,True,True,False,False
63000090-016,1,1,1,1,1,0,False,False,False,False
63000090-012,6,6,6,6,6,0,False,False,False,False
63000090-008,5,5,5,6,6,1,False,False,True,False
63000090-020,6,6,5,5,6,2,False,True,False,True
63000090-013,6,6,6,6,6,0,False,False,False,False
63000110-033,1,1,2,1,1,2,False,True,True,False
63000110-001,6,6,6,5,6,2,False,False,True,True
63000110-044,0,0,0,0,0,0,False,False,False,False
63000110-010,5,5,6,5,5,2,False,True,True,False
63000110-026,5,5,5,5,5,0,False,False,False,False
63000110-039,0,0,0,0,0,0,False,False,False,False
63000110-038,0,2,2,0,0,2,True,False,True,False
63000110-040,0,0,0,0,0,0,False,False,False,False
63000110-042,1,1,1,1,1,0,False,False,False,False
63000110-041,0,0,0,0,0,0,False,False,False,False
63000110-037,2,2,2,2,2,0,False,False,False,False
63000110-036,2,2,2,2,2,0,False,False,False,False
63000110-016,1,1,1,1,1,0,False,False,False,False
63000110-024,1,1,1,1,1,0,False,False,False,False
63000110-025,1,1,1,1,1,0,False,False,False,False
63000110-048,0,0,0,0,0,0,False,False,False,False
63000110-008,1,1,1,1,1,0,False,False,False,False
63000110-028,6,5,6,6,5,2,True,True,False,True
63000110-027,5,5,6,5,5,2,False,True,True,False
63000110-030,6,5,6,6,6,2,True,True,False,False
63000110-012,5,5,5,5,5,0,False,False,False,False
63000110-045,0,0,0,0,0,0,False,False,False,False
63000110-014,5,6,5,5,5,2,True,True,False,False
63000110-032,0,0,0,0,0,0,False,False,False,False
63000110-022,0,0,0,0,0,0,False,False,False,False
63000110-043,1,1,1,1,1,0,False,False,False,False
63000110-049,0,0,0,0,0,0,False,False,False,False
63000110-011,5,5,5,5,5,0,False,False,False,False
63000110-021,0,0,0,0,0,0,False,False,False,False
63000110-019,1,1,1,1,1,0,False,False,False,False
63000110-020,1,1,1,1,1,0,False,False,False,False
63000110-009,1,1,1,1,1,0,False,False,False,False
63000110-007,5,5,6,5,5,2,False,True,True,False
63000110-023,1,1,1,1,1,0,False,False,False,False
63000110-004,5,6,5,5,5,2,True,True,False,False
63000110-005,5,5,5,5,5,0,False,False,False,False
63000110-003,5,5,5,5,5,0,False,False,False,False
63000110-013,5,5,6,5,5,2,False,True,True,False
63000110-015,1,1,1,1,1,0,False,False,False,False
63000110-002,5,6,5,5,5,2,True,True,False,False
63000110-050,1,2,1,1,1,2,True,True,False,False
63000110-029,2,0,2,2,2,2,True,True,False,False
63000110-051,1,1,1,1,1,0,False,False,False,False
63000110-006,5,5,6,5,5,2,False,True,True,False
63000110-031,1,1,1,1,1,0,False,False,False,False
63000110-047,0,0,0,0,0,0,False,False,False,False
63000110-018,1,1,1,1,1,0,False,False,False,False
63000110-017,1,1,1,1,1,0,False,False,False,False
63000110-035,5,5,6,5,5,2,False,True,True,False
63000110-034,5,5,2,5,5,2,False,True,True,False
63000110-046,1,1,1,1,1,0,False,False,False,False
63000060-026,5,6,5,5,5,2,True,True,False,False
63000060-008,6,6,6,6,6,0,False,False,False,False
63000060-012,6,6,6,6,6,0,False,False,False,False
63000060-018,6,6,6,6,6,0,False,False,False,False
63000060-017,6,6,6,6,6,0,False,False,False,False
63000060-009,6,6,6,6,6,0,False,False,False,False
63000060-010,6,6,6,6,6,0,False,False,False,False
63000060-003,6,6,6,6,6,0,False,False,False,False
63000060-002,6,6,6,6,6,0,False,False,False,False
63000060-004,6,6,6,6,6,0,False,False,False,False
63000060-019,6,6,6,6,6,0,False,False,False,False
63000060-020,6,6,6,6,6,0,False,False,False,False
63000060-007,6,6,6,6,6,0,False,False,False,False
63000060-014,6,6,6,6,6,0,False,False,False,False
63000060-006,6,6,6,6,6,0,False,False,False,False
63000060-013,6,6,5,5,5,1,False,True,False,False
63000060-005,6,5,5,5,5,1,True,False,False,False
63000060-001,5,5,5,5,5,0,False,False,False,False
63000060-024,1,1,1,1,1,0,False,False,False,False
63000060-022,6,6,6,6,5,1,False,False,False,True
63000060-016,6,6,6,5,6,2,False,False,True,True
63000060-021,1,1,1,1,1,0,False,False,False,False
63000060-025,5,6,5,5,5,2,True,True,False,False
63000060-015,6,6,6,5,6,2,False,False,True,True
63000060-011,6,6,5,5,5,1,False,True,False,False
63000030-005,5,6,5,5,5,2,True,True,False,False
63000030-002,6,6,6,6,6,0,False,False,False,False
63000030-029,5,6,5,5,5,2,True,True,False,False
63000030-056,6,6,5,5,5,1,False,True,False,False
63000030-019,6,5,5,5,5,1,True,False,False,False
63000030-010,5,6,5,6,5,2,True,True,True,True
63000030-035,5,5,5,6,5,2,False,False,True,True
63000030-014,6,6,5,6,6,2,False,True,True,False
63000030-013,6,5,5,5,5,1,True,False,False,False
63000030-003,5,6,5,5,5,2,True,True,False,False
63000030-043,6,5,5,5,5,1,True,False,False,False
63000030-057,5,5,5,5,5,0,False,False,False,False
63000030-050,5,6,5,5,5,2,True,True,False,False
63000030-049,5,6,5,6,5,2,True,True,True,True
63000030-001,5,6,5,5,5,2,True,True,False,False
63000030-051,5,6,5,5,5,2,True,True,False,False
63000030-053,6,6,5,5,5,1,False,True,False,False
63000030-023,6,5,5,6,6,2,True,False,True,False
63000030-008,6,6,6,6,6,0,False,False,False,False
63000030-052,6,6,6,6,5,1,False,False,False,True
63000030-004,5,6,5,5,5,2,True,True,False,False
63000030-007,5,6,5,5,5,2,True,True,False,False
63000030-018,6,5,5,5,6,2,True,False,False,True
63000030-034,6,6,6,6,6,0,False,False,False,False
63000030-017,5,5,5,5,5,0,False,False,False,False
63000030-037,6,6,5,6,6,2,False,True,True,False
63000030-036,5,5,5,5,5,0,False,False,False,False
63000030-030,5,6,5,5,5,2,True,True,False,False
63000030-006,5,6,5,5,5,2,True,True,False,False
63000030-039,5,5,5,5,5,0,False,False,False,False
63000030-033,6,6,6,6,6,0,False,False,False,False
63000030-044,6,5,5,6,5,2,True,False,True,True
63000030-054,6,6,6,6,6,0,False,False,False,False
63000030-038,6,6,6,6,6,0,False,False,False,False
63000030-009,6,6,6,6,6,0,False,False,False,False
63000030-055,6,6,5,5,5,1,False,True,False,False
63000030-031,6,6,6,6,6,0,False,False,False,False
63000030-032,6,6,5,6,6,2,False,True,True,False
63000030-016,6,5,5,6,6,2,True,False,True,False
63000030-020,6,5,5,5,5,1,True,False,False,False
63000030-021,6,6,6,6,6,0,False,False,False,False
63000030-046,5,5,5,5,5,0,False,False,False,False
63000030-048,5,5,5,5,5,0,False,False,False,False
63000030-047,5,5,5,5,5,0,False,False,False,False
63000030-022,6,6,6,6,6,0,False,False,False,False
63000030-011,6,6,6,6,6,0,False,False,False,False
63000030-015,5,5,5,5,5,0,False,False,False,False
63000030-012,6,6,6,6,6,0,False,False,False,False
63000030-040,5,5,5,5,5,0,False,False,False,False
63000030-028,6,5,5,6,6,2,True,False,True,False
63000030-041,6,5,5,5,5,1,True,False,False,False
63000030-026,6,5,5,6,6,2,True,False,True,False
63000030-027,5,6,5,5,5,2,True,True,False,False
63000080-034,5,5,5,5,5,0,False,False,False,False
63000080-038,1,1,1,1,1,0,False,False,False,False
63000080-036,0,0,0,0,0,0,False,False,False,False
63000080-040,1,1,1,1,1,0,False,False,False,False
63000080-025,1,1,1,1,1,0,False,False,False,False
63000080-026,1,1,1,1,1,0,False,False,False,False
63000080-005,5,5,5,5,5,0,False,False,False,False
63000080-004,5,5,5,5,5,0,False,False,False,False
63000080-002,5,5,5,5,5,0,False,False,False,False
63000080-003,5,5,5,5,5,0,False,False,False,False
63000080-006,5,5,5,5,5,0,False,False,False,False
63000080-001,5,5,5,5,5,0,False,False,False,False
63000080-028,1,1,1,1,1,0,False,False,False,False
63000080-027,5,5,5,5,5,0,False,False,False,False
63000080-041,1,1,1,1,1,0,False,False,False,False
63000080-031,1,1,1,1,1,0,False,False,False,False
63000080-030,1,1,1,1,1,0,False,False,False,False
63000080-043,1,1,1,1,1,0,False,False,False,False
63000080-032,1,1,1,1,1,0,False,False,False,False
63000080-037,1,1,1,1,1,0,False,False,False,False
63000080-014,5,5,5,5,5,0,False,False,False,False
63000080-018,1,1,1,1,1,0,False,False,False,False
63000080-015,5,5,5,5,5,0,False,False,False,False
63000080-016,5,5,5,5,5,0,False,False,False,False
63000080-020,5,5,5,5,5,0,False,False,False,False
63000080-022,5,5,5,5,5,0,False,False,False,False
63000080-017,5,5,5,5,5,0,False,False,False,False
63000080-021,5,5,5,5,5,0,False,False,False,False
63000080-019,6,6,6,6,6,0,False,False,False,False
63000080-013,5,5,5,5,5,0,False,False,False,False
63000080-042,1,1,1,1,1,0,False,False,False,False
63000080-024,5,5,5,5,5,0,False,False,False,False
63000080-011,5,5,5,5,5,0,False,False,False,False
63000080-010,5,5,5,5,5,0,False,False,False,False
63000080-007,5,6,5,5,5,2,True,True,False,False
63000080-012,5,5,5,5,5,0,False,False,False,False
63000080-008,6,6,6,6,6,0,False,False,False,False
63000080-039,5,5,5,5,5,0,False,False,False,False
63000080-035,5,5,5,5,5,0,False,False,False,False
63000080-033,5,5,5,5,5,0,False,False,False,False
63000080-009,6,6,5,5,5,1,False,True,False,False
63000080-023,5,5,5,5,5,0,False,False,False,False
63000080-029,1,1,1,1,1,0,False,False,False,False
63000010-004,1,1,1,1,1,0,False,False,False,False
63000010-027,6,6,6,6,6,0,False,False,False,False
63000010-026,5,6,5,5,5,2,True,True,False,False
63000010-015,5,6,5,5,5,2,True,True,False,False
63000010-009,1,1,1,1,1,0,False,False,False,False
63000010-029,6,6,6,6,6,0,False,False,False,False
63000010-022,6,6,6,6,6,0,False,False,False,False
63000010-019,6,6,5,6,6,2,False,True,True,False
63000010-008,1,1,1,1,1,0,False,False,False,False
63000010-006,1,1,1,1,1,0,False,False,False,False
63000010-033,6,6,6,6,6,0,False,False,False,False
63000010-032,6,6,6,6,6,0,False,False,False,False
63000010-031,6,6,6,6,6,0,False,False,False,False
63000010-025,6,6,6,6,6,0,False,False,False,False
63000010-018,5,5,5,5,5,0,False,False,False,False
63000010-030,5,6,5,5,5,2,True,True,False,False
63000010-007,1,1,1,1,1,0,False,False,False,False
63000010-005,2,1,1,2,2,2,True,False,True,False
63000010-024,6,6,6,6,6,0,False,False,False,False
63000010-011,6,6,5,5,6,2,False,True,False,True
63000010-014,6,6,6,6,6,0,False,False,False,False
63000010-013,2,2,2,2,2,0,False,False,False,False
63000010-003,5,2,5,5,5,2,True,True,False,False
63000010-035,5,6,5,5,5,2,True,True,False,False
63000010-016,5,6,5,5,5,2,True,True,False,False
63000010-017,6,6,5,6,6,2,False,True,True,False
63000010-034,5,6,5,5,5,2,True,True,False,False
63000010-010,5,5,5,5,5,0,False,False,False,False
63000010-028,5,6,5,5,5,2,True,True,False,False
63000010-021,6,6,5,6,6,2,False,True,True,False
63000010-002,1,1,1,1,1,0,False,False,False,False
63000010-020,6,6,5,5,5,1,False,True,False,False
63000010-012,6,6,5,5,6,2,False,True,False,True
63000070-009,6,6,6,6,6,0,False,False,False,False
63000070-027,1,1,1,1,1,0,False,False,False,False
63000070-026,1,1,1,1,1,0,False,False,False,False
63000070-035,2,2,1,1,1,1,False,True,False,False
63000070-016,6,6,6,6,6,0,False,False,False,False
63000070-024,1,1,1,1,1,0,False,False,False,False
63000070-030,1,1,1,1,1,0,False,False,False,False
63000070-023,1,1,1,1,1,0,False,False,False,False
63000070-007,6,6,6,6,6,0,False,False,False,False
63000070-010,6,6,6,6,6,0,False,False,False,False
63000070-022,1,1,1,1,1,0,False,False,False,False
63000070-034,1,1,1,1,1,0,False,False,False,False
63000070-014,1,1,1,1,1,0,False,False,False,False
63000070-021,1,1,1,1,1,0,False,False,False,False
63000070-013,1,1,1,1,1,0,False,False,False,False
63000070-004,6,6,6,6,6,0,False,False,False,False
63000070-020,1,1,1,1,1,0,False,False,False,False
63000070-033,1,1,1,1,1,0,False,False,False,False
63000070-019,5,5,5,5,5,0,False,False,False,False
63000070-029,1,1,1,1,1,0,False,False,False,False
63000070-001,5,5,5,5,5,0,False,False,False,False
63000070-008,6,6,6,6,6,0,False,False,False,False
63000070-015,0,0,0,0,0,0,False,False,False,False
63000070-017,1,1,1,1,1,0,False,False,False,False
63000070-031,1,1,1,1,1,0,False,False,False,False
63000070-005,5,5,5,5,5,0,False,False,False,False
63000070-032,1,1,1,1,1,0,False,False,False,False
63000070-018,1,1,1,1,1,0,False,False,False,False
63000070-002,6,6,6,6,6,0,False,False,False,False
63000070-003,6,6,6,6,6,0,False,False,False,False
63000070-028,1,1,1,1,1,0,False,False,False,False
63000070-025,1,1,1,1,1,0,False,False,False,False
63000070-012,6,6,6,6,6,0,False,False,False,False
63000070-006,5,5,5,5,5,0,False,False,False,False
63000070-011,6,6,6,6,6,0,False,False,False,False
63000070-036,1,1,1,1,1,0,False,False,False,False
