VILLAGE,COUNTY,TOWN,V_ID
文化里,新北市,淡水區,65000100-031
油車里,新北市,淡水區,65000100-032
沙崙里,新北市,淡水區,65000100-033
新義里,新北市,淡水區,65000100-034
新春里,新北市,淡水區,65000100-035
新民里,新北市,淡水區,65000100-036
正德里,新北市,淡水區,65000100-037
北新里,新北市,淡水區,65000100-038
民權里,新北市,淡水區,65000100-039
幸福里,新北市,淡水區,65000100-040
學府里,新北市,淡水區,65000100-041
大庄里,新北市,淡水區,65000100-042
義民里,新北市,汐止區,65000110-001
禮門里,新北市,汐止區,65000110-002
智慧里,新北市,汐止區,65000110-003
信望里,新北市,汐止區,65000110-004
橋東里,新北市,汐止區,65000110-005
秀峰里,新北市,汐止區,65000110-006
新昌里,新北市,汐止區,65000110-007
復興里,新北市,汐止區,65000110-008
茄苳里,新北市,汐止區,65000110-009
長安里,新北市,汐止區,65000110-010
保安里,新北市,汐止區,65000110-011
保長里,新北市,汐止區,65000110-012
鄉長里,新北市,汐止區,65000110-013
江北里,新北市,汐止區,65000110-014
拱北里,新北市,汐止區,65000110-015
烘內里,新北市,汐止區,65000110-016
群英里,臺北市,大安區,63000030-037
虎嘯里,臺北市,大安區,63000030-038
臥龍里,臺北市,大安區,63000030-039
龍淵里,臺北市,大安區,63000030-040
龍門里,臺北市,大安區,63000030-041
大學里,臺北市,大安區,63000030-043
芳和里,臺北市,大安區,63000030-044
黎元里,臺北市,大安區,63000030-046
黎孝里,臺北市,大安區,63000030-047
黎和里,臺北市,大安區,63000030-048
建安里,臺北市,大安區,63000030-049
建倫里,臺北市,大安區,63000030-050
敦安里,臺北市,大安區,63000030-051
正聲里,臺北市,大安區,63000030-052
敦煌里,臺北市,大安區,63000030-053
華聲里,臺北市,大安區,63000030-054
車層里,臺北市,大安區,63000030-055
光信里,臺北市,大安區,63000030-056
學府里,臺北市,大安區,63000030-057
正守里,臺北市,中山區,63000040-001
溪北里,新北市,板橋區,65000010-100
香雅里,新北市,板橋區,65000010-101
新生里,新北市,板橋區,65000010-102
文德里,新北市,板橋區,65000010-103
文化里,新北市,板橋區,65000010-104
新海里,新北市,板橋區,65000010-105
莒光里,新北市,板橋區,65000010-106
富貴里,新北市,板橋區,65000010-107
正泰里,新北市,板橋區,65000010-108
民生里,新北市,板橋區,65000010-109
後埔里,新北市,板橋區,65000010-110
華福里,新北市,板橋區,65000010-111
堂春里,新北市,板橋區,65000010-112
成和里,新北市,板橋區,65000010-113
光榮里,新北市,板橋區,65000010-114
民安里,新北市,板橋區,65000010-115
陽明里,新北市,板橋區,65000010-116
朝陽里,新北市,板橋區,65000010-117
松柏里,新北市,板橋區,65000010-118
文聖里,新北市,板橋區,65000010-119
居仁里,新北市,板橋區,65000010-120
莊敬里,新北市,板橋區,65000010-121
東安里,新北市,板橋區,65000010-122
五權里,新北市,板橋區,65000010-123
溪福里,新北市,板橋區,65000010-124
大觀里,新北市,板橋區,65000010-125
歡園里,新北市,板橋區,65000010-126
大有里,新北市,三重區,65000020-001
蘭雅里,臺北市,士林區,63000110-034
蘭興里,臺北市,士林區,63000110-035
天福里,臺北市,士林區,63000110-036
天祿里,臺北市,士林區,63000110-037
天壽里,臺北市,士林區,63000110-038
天和里,臺北市,士林區,63000110-039
天山里,臺北市,士林區,63000110-040
天玉里,臺北市,士林區,63000110-041
天母里,臺北市,士林區,63000110-042
永福里,臺北市,士林區,63000110-043
公館里,臺北市,士林區,63000110-044
新安里,臺北市,士林區,63000110-045
陽明里,臺北市,士林區,63000110-046
菁山里,臺北市,士林區,63000110-047
平等里,臺北市,士林區,63000110-048
溪山里,臺北市,士林區,63000110-049
翠山里,臺北市,士林區,63000110-050
臨溪里,臺北市,士林區,63000110-051
建民里,臺北市,北投區,63000120-001
文林里,臺北市,北投區,63000120-002
石牌里,臺北市,北投區,63000120-003
福興里,臺北市,北投區,63000120-004
榮光里,臺北市,北投區,63000120-005
榮華里,臺北市,北投區,63000120-006
裕民里,臺北市,北投區,63000120-007
振華里,臺北市,北投區,63000120-008
三興里,新北市,樹林區,65000070-003
圳安里,新北市,樹林區,65000070-004
保安里,新北市,樹林區,65000070-005
潭底里,新北市,樹林區,65000070-006
?寮里,新北市,樹林區,65000070-007
樹德里,新北市,樹林區,65000070-008
樹西里,新北市,樹林區,65000070-009
樹南里,新北市,樹林區,65000070-010
樹人里,新北市,樹林區,65000070-011
坡內里,新北市,樹林區,65000070-012
樹東里,新北市,樹林區,65000070-013
大同里,新北市,樹林區,65000070-014
和平里,新北市,樹林區,65000070-015
彭厝里,新北市,樹林區,65000070-016
彭福里,新北市,樹林區,65000070-017
東山里,新北市,樹林區,65000070-018
東陽里,新北市,樹林區,65000070-019
東昇里,新北市,樹林區,65000070-020
樂山里,新北市,樹林區,65000070-021
東園里,新北市,樹林區,65000070-022
西園里,新北市,樹林區,65000070-023
南園里,新北市,樹林區,65000070-024
北園里,新北市,樹林區,65000070-025
柑園里,新北市,樹林區,65000070-026
樹北里,新北市,樹林區,65000070-027
圳福里,新北市,樹林區,65000070-028
莊敬里,臺北市,松山區,63000010-002
東榮里,臺北市,松山區,63000010-003
三民里,臺北市,松山區,63000010-004
新益里,臺北市,松山區,63000010-005
富錦里,臺北市,松山區,63000010-006
新東里,臺北市,松山區,63000010-007
富泰里,臺北市,松山區,63000010-008
介壽里,臺北市,松山區,63000010-009
精忠里,臺北市,松山區,63000010-010
東光里,臺北市,松山區,63000010-011
龍田里,臺北市,松山區,63000010-012
東昌里,臺北市,松山區,63000010-013
東勢里,臺北市,松山區,63000010-014
中華里,臺北市,松山區,63000010-015
民有里,臺北市,松山區,63000010-016
民福里,臺北市,松山區,63000010-017
慈祐里,臺北市,松山區,63000010-018
安平里,臺北市,松山區,63000010-019
鵬程里,臺北市,松山區,63000010-020
自強里,臺北市,松山區,63000010-021
吉祥里,臺北市,松山區,63000010-022
新聚里,臺北市,松山區,63000010-024
復盛里,臺北市,松山區,63000010-025
中正里,臺北市,松山區,63000010-026
中崙里,臺北市,松山區,63000010-027
美仁里,臺北市,松山區,63000010-028
吉仁里,臺北市,松山區,63000010-029
敦化里,臺北市,松山區,63000010-030
復源里,臺北市,松山區,63000010-031
復建里,臺北市,松山區,63000010-032
復勢里,臺北市,松山區,63000010-033
福成里,臺北市,松山區,63000010-034
松基里,臺北市,松山區,63000010-035
西村里,臺北市,信義區,63000020-001
正和里,臺北市,信義區,63000020-002
興隆里,臺北市,信義區,63000020-003
中興里,臺北市,信義區,63000020-004
新仁里,臺北市,信義區,63000020-005
興雅里,臺北市,信義區,63000020-006
敦厚里,臺北市,信義區,63000020-007
廣居里,臺北市,信義區,63000020-008
安康里,臺北市,信義區,63000020-009
六藝里,臺北市,信義區,63000020-010
雅祥里,臺北市,信義區,63000020-011
五常里,臺北市,信義區,63000020-012
五全里,臺北市,信義區,63000020-013
永吉里,臺北市,信義區,63000020-014
長春里,臺北市,信義區,63000020-015
四育里,臺北市,信義區,63000020-016
四維里,臺北市,信義區,63000020-017
永春里,臺北市,信義區,63000020-018
富臺里,臺北市,信義區,63000020-019
國業里,臺北市,信義區,63000020-020
松隆里,臺北市,信義區,63000020-021
松友里,臺北市,信義區,63000020-022
松光里,臺北市,信義區,63000020-023
中坡里,臺北市,信義區,63000020-024
中行里,臺北市,信義區,63000020-025
大道里,臺北市,信義區,63000020-026
大仁里,臺北市,信義區,63000020-027
景新里,臺北市,信義區,63000020-028
惠安里,臺北市,信義區,63000020-029
三張里,臺北市,信義區,63000020-030
三犁里,臺北市,信義區,63000020-031
六合里,臺北市,信義區,63000020-032
泰和里,臺北市,信義區,63000020-033
景聯里,臺北市,信義區,63000020-034
景勤里,臺北市,信義區,63000020-035
雙和里,臺北市,信義區,63000020-036
嘉興里,臺北市,信義區,63000020-037
黎順里,臺北市,信義區,63000020-038
黎平里,臺北市,信義區,63000020-039
黎忠里,臺北市,信義區,63000020-040
黎安里,臺北市,信義區,63000020-041
德安里,臺北市,大安區,63000030-001
仁慈里,臺北市,大安區,63000030-002
和安里,臺北市,大安區,63000030-003
民炤里,臺北市,大安區,63000030-004
仁愛里,臺北市,大安區,63000030-005
義村里,臺北市,大安區,63000030-006
民輝里,臺北市,大安區,63000030-007
昌隆里,臺北市,大安區,63000030-008
誠安里,臺北市,大安區,63000030-009
光武里,臺北市,大安區,63000030-010
龍坡里,臺北市,大安區,63000030-011
龍泉里,臺北市,大安區,63000030-012
古風里,臺北市,大安區,63000030-013
古莊里,臺北市,大安區,63000030-014
龍安里,臺北市,大安區,63000030-015
錦安里,臺北市,大安區,63000030-016
福住里,臺北市,大安區,63000030-017
永康里,臺北市,大安區,63000030-018
光明里,臺北市,大安區,63000030-019
錦泰里,臺北市,大安區,63000030-020
錦華里,臺北市,大安區,63000030-021
龍圖里,臺北市,大安區,63000030-022
新龍里,臺北市,大安區,63000030-023
龍陣里,臺北市,大安區,63000030-026
龍雲里,臺北市,大安區,63000030-027
龍生里,臺北市,大安區,63000030-028
住安里,臺北市,大安區,63000030-029
義安里,臺北市,大安區,63000030-030
通化里,臺北市,大安區,63000030-031
通安里,臺北市,大安區,63000030-032
臨江里,臺北市,大安區,63000030-033
法治里,臺北市,大安區,63000030-034
全安里,臺北市,大安區,63000030-035
群賢里,臺北市,大安區,63000030-036
正義里,臺北市,中山區,63000040-002
正得里,臺北市,中山區,63000040-003
民安里,臺北市,中山區,63000040-004
康樂里,臺北市,中山區,63000040-005
中山里,臺北市,中山區,63000040-006
聚盛里,臺北市,中山區,63000040-007
集英里,臺北市,中山區,63000040-008
聚葉里,臺北市,中山區,63000040-009
恆安里,臺北市,中山區,63000040-010
晴光里,臺北市,中山區,63000040-011
圓山里,臺北市,中山區,63000040-012
劍潭里,臺北市,中山區,63000040-013
大直里,臺北市,中山區,63000040-014
成功里,臺北市,中山區,63000040-015
永安里,臺北市,中山區,63000040-016
大佳里,臺北市,中山區,63000040-017
新喜里,臺北市,中山區,63000040-018
新庄里,臺北市,中山區,63000040-019
新福里,臺北市,中山區,63000040-020
松江里,臺北市,中山區,63000040-021
新生里,臺北市,中山區,63000040-022
中庄里,臺北市,中山區,63000040-023
行政里,臺北市,中山區,63000040-024
行仁里,臺北市,中山區,63000040-025
行孝里,臺北市,中山區,63000040-026
下埤里,臺北市,中山區,63000040-027
江寧里,臺北市,中山區,63000040-028
江山里,臺北市,中山區,63000040-029
中吉里,臺北市,中山區,63000040-030
中原里,臺北市,中山區,63000040-031
興亞里,臺北市,中山區,63000040-032
中央里,臺北市,中山區,63000040-033
朱馥里,臺北市,中山區,63000040-034
龍洲里,臺北市,中山區,63000040-035
朱園里,臺北市,中山區,63000040-036
埤頭里,臺北市,中山區,63000040-037
朱崙里,臺北市,中山區,63000040-038
力行里,臺北市,中山區,63000040-039
復華里,臺北市,中山區,63000040-040
金泰里,臺北市,中山區,63000040-041
北安里,臺北市,中山區,63000040-042
水源里,臺北市,中正區,63000050-001
富水里,臺北市,中正區,63000050-002
文盛里,臺北市,中正區,63000050-003
林興里,臺北市,中正區,63000050-004
河堤里,臺北市,中正區,63000050-005
頂東里,臺北市,中正區,63000050-006
網溪里,臺北市,中正區,63000050-007
板溪里,臺北市,中正區,63000050-008
螢圃里,臺北市,中正區,63000050-009
螢雪里,臺北市,中正區,63000050-010
永功里,臺北市,中正區,63000050-011
永昌里,臺北市,中正區,63000050-012
龍興里,臺北市,中正區,63000050-013
忠勤里,臺北市,中正區,63000050-014
廈安里,臺北市,中正區,63000050-015
愛國里,臺北市,中正區,63000050-016
南門里,臺北市,中正區,63000050-017
龍光里,臺北市,中正區,63000050-018
南福里,臺北市,中正區,63000050-019
龍福里,臺北市,中正區,63000050-020
新營里,臺北市,中正區,63000050-021
建國里,臺北市,中正區,63000050-022
光復里,臺北市,中正區,63000050-023
黎明里,臺北市,中正區,63000050-024
梅花里,臺北市,中正區,63000050-025
幸福里,臺北市,中正區,63000050-026
幸市里,臺北市,中正區,63000050-027
東門里,臺北市,中正區,63000050-028
文北里,臺北市,中正區,63000050-029
文祥里,臺北市,中正區,63000050-030
三愛里,臺北市,中正區,63000050-031
玉泉里,臺北市,大同區,63000060-001
建明里,臺北市,大同區,63000060-002
建功里,臺北市,大同區,63000060-003
建泰里,臺北市,大同區,63000060-004
永樂里,臺北市,大同區,63000060-005
朝陽里,臺北市,大同區,63000060-006
星明里,臺北市,大同區,63000060-007
光能里,臺北市,大同區,63000060-008
大有里,臺北市,大同區,63000060-009
延平里,臺北市,大同區,63000060-010
雙連里,臺北市,大同區,63000060-011
南芳里,臺北市,大同區,63000060-012
民權里,臺北市,大同區,63000060-013
景星里,臺北市,大同區,63000060-014
隆和里,臺北市,大同區,63000060-015
蓬萊里,臺北市,大同區,63000060-016
國順里,臺北市,大同區,63000060-017
國慶里,臺北市,大同區,63000060-018
揚雅里,臺北市,大同區,63000060-019
斯文里,臺北市,大同區,63000060-020
鄰江里,臺北市,大同區,63000060-021
至聖里,臺北市,大同區,63000060-022
老師里,臺北市,大同區,63000060-024
重慶里,臺北市,大同區,63000060-025
保安里,臺北市,大同區,63000060-026
福星里,臺北市,萬華區,63000070-001
萬壽里,臺北市,萬華區,63000070-002
西門里,臺北市,萬華區,63000070-003
新起里,臺北市,萬華區,63000070-004
菜園里,臺北市,萬華區,63000070-005
青山里,臺北市,萬華區,63000070-006
富民里,臺北市,萬華區,63000070-007
福音里,臺北市,萬華區,63000070-008
仁德里,臺北市,萬華區,63000070-009
富福里,臺北市,萬華區,63000070-010
頂碩里,臺北市,萬華區,63000070-011
雙園里,臺北市,萬華區,63000070-012
新忠里,臺北市,萬華區,63000070-013
新和里,臺北市,萬華區,63000070-014
糖?里,臺北市,萬華區,63000070-015
和平里,臺北市,萬華區,63000070-016
綠堤里,臺北市,萬華區,63000070-017
華江里,臺北市,萬華區,63000070-018
柳鄉里,臺北市,萬華區,63000070-019
日善里,臺北市,萬華區,63000070-020
新安里,臺北市,萬華區,63000070-021
忠德里,臺北市,萬華區,63000070-022
孝德里,臺北市,萬華區,63000070-023
和德里,臺北市,萬華區,63000070-024
錦德里,臺北市,萬華區,63000070-025
全德里,臺北市,萬華區,63000070-026
保德里,臺北市,萬華區,63000070-027
銘德里,臺北市,萬華區,63000070-028
榮德里,臺北市,萬華區,63000070-029
壽德里,臺北市,萬華區,63000070-030
興德里,臺北市,萬華區,63000070-031
華中里,臺北市,萬華區,63000070-032
日祥里,臺北市,萬華區,63000070-033
忠貞里,臺北市,萬華區,63000070-034
凌霄里,臺北市,萬華區,63000070-035
騰雲里,臺北市,萬華區,63000070-036
景行里,臺北市,文山區,63000080-001
景東里,臺北市,文山區,63000080-002
景美里,臺北市,文山區,63000080-003
景慶里,臺北市,文山區,63000080-004
景仁里,臺北市,文山區,63000080-005
景華里,臺北市,文山區,63000080-006
萬有里,臺北市,文山區,63000080-007
萬祥里,臺北市,文山區,63000080-008
萬隆里,臺北市,文山區,63000080-009
萬年里,臺北市,文山區,63000080-010
萬和里,臺北市,文山區,63000080-011
萬盛里,臺北市,文山區,63000080-012
興豐里,臺北市,文山區,63000080-013
興光里,臺北市,文山區,63000080-014
興家里,臺北市,文山區,63000080-015
興得里,臺北市,文山區,63000080-016
興業里,臺北市,文山區,63000080-017
興安里,臺北市,文山區,63000080-018
興福里,臺北市,文山區,63000080-019
興旺里,臺北市,文山區,63000080-020
興泰里,臺北市,文山區,63000080-021
興昌里,臺北市,文山區,63000080-022
試院里,臺北市,文山區,63000080-023
華興里,臺北市,文山區,63000080-024
明義里,臺北市,文山區,63000080-025
明興里,臺北市,文山區,63000080-026
木柵里,臺北市,文山區,63000080-027
木新里,臺北市,文山區,63000080-028
順興里,臺北市,文山區,63000080-029
樟林里,臺北市,文山區,63000080-030
樟新里,臺北市,文山區,63000080-031
樟腳里,臺北市,文山區,63000080-032
萬芳里,臺北市,文山區,63000080-033
博嘉里,臺北市,文山區,63000080-034
萬興里,臺北市,文山區,63000080-035
指南里,臺北市,文山區,63000080-036
老泉里,臺北市,文山區,63000080-037
忠順里,臺北市,文山區,63000080-038
萬美里,臺北市,文山區,63000080-039
政大里,臺北市,文山區,63000080-040
樟文里,臺北市,文山區,63000080-041
興邦里,臺北市,文山區,63000080-042
樟樹里,臺北市,文山區,63000080-043
南港里,臺北市,南港區,63000090-001
中南里,臺北市,南港區,63000090-002
新富里,臺北市,南港區,63000090-003
三重里,臺北市,南港區,63000090-004
東新里,臺北市,南港區,63000090-005
新光里,臺北市,南港區,63000090-006
東明里,臺北市,南港區,63000090-007
西新里,臺北市,南港區,63000090-008
玉成里,臺北市,南港區,63000090-009
合成里,臺北市,南港區,63000090-010
成福里,臺北市,南港區,63000090-011
萬福里,臺北市,南港區,63000090-012
鴻福里,臺北市,南港區,63000090-013
百福里,臺北市,南港區,63000090-014
聯成里,臺北市,南港區,63000090-015
舊莊里,臺北市,南港區,63000090-016
中研里,臺北市,南港區,63000090-017
九如里,臺北市,南港區,63000090-018
仁福里,臺北市,南港區,63000090-019
重陽里,臺北市,南港區,63000090-020
西湖里,臺北市,內湖區,63000100-001
西康里,臺北市,內湖區,63000100-002
西安里,臺北市,內湖區,63000100-003
港墘里,臺北市,內湖區,63000100-005
港都里,臺北市,內湖區,63000100-006
港富里,臺北市,內湖區,63000100-007
港華里,臺北市,內湖區,63000100-008
內湖里,臺北市,內湖區,63000100-009
湖濱里,臺北市,內湖區,63000100-010
紫星里,臺北市,內湖區,63000100-011
大湖里,臺北市,內湖區,63000100-012
金龍里,臺北市,內湖區,63000100-013
金瑞里,臺北市,內湖區,63000100-014
碧山里,臺北市,內湖區,63000100-015
紫雲里,臺北市,內湖區,63000100-016
清白里,臺北市,內湖區,63000100-017
葫洲里,臺北市,內湖區,63000100-018
紫陽里,臺北市,內湖區,63000100-019
瑞陽里,臺北市,內湖區,63000100-020
瑞光里,臺北市,內湖區,63000100-021
五分里,臺北市,內湖區,63000100-022
東湖里,臺北市,內湖區,63000100-023
樂康里,臺北市,內湖區,63000100-024
內溝里,臺北市,內湖區,63000100-025
週美里,臺北市,內湖區,63000100-026
行善里,臺北市,內湖區,63000100-027
石潭里,臺北市,內湖區,63000100-028
湖興里,臺北市,內湖區,63000100-029
湖元里,臺北市,內湖區,63000100-030
安湖里,臺北市,內湖區,63000100-031
秀湖里,臺北市,內湖區,63000100-032
安泰里,臺北市,內湖區,63000100-033
金湖里,臺北市,內湖區,63000100-034
康寧里,臺北市,內湖區,63000100-035
明湖里,臺北市,內湖區,63000100-036
蘆洲里,臺北市,內湖區,63000100-037
麗山里,臺北市,內湖區,63000100-038
寶湖里,臺北市,內湖區,63000100-039
南湖里,臺北市,內湖區,63000100-040
仁勇里,臺北市,士林區,63000110-001
義信里,臺北市,士林區,63000110-002
福林里,臺北市,士林區,63000110-003
福德里,臺北市,士林區,63000110-004
福志里,臺北市,士林區,63000110-005
舊佳里,臺北市,士林區,63000110-006
福佳里,臺北市,士林區,63000110-007
後港里,臺北市,士林區,63000110-008
福中里,臺北市,士林區,63000110-009
前港里,臺北市,士林區,63000110-010
百齡里,臺北市,士林區,63000110-011
承德里,臺北市,士林區,63000110-012
福華里,臺北市,士林區,63000110-013
明勝里,臺北市,士林區,63000110-014
福順里,臺北市,士林區,63000110-015
富光里,臺北市,士林區,63000110-016
葫蘆里,臺北市,士林區,63000110-017
葫東里,臺北市,士林區,63000110-018
社子里,臺北市,士林區,63000110-019
社新里,臺北市,士林區,63000110-020
社園里,臺北市,士林區,63000110-021
永倫里,臺北市,士林區,63000110-022
福安里,臺北市,士林區,63000110-023
富洲里,臺北市,士林區,63000110-024
岩山里,臺北市,士林區,63000110-025
名山里,臺北市,士林區,63000110-026
德行里,臺北市,士林區,63000110-027
德華里,臺北市,士林區,63000110-028
聖山里,臺北市,士林區,63000110-029
忠誠里,臺北市,士林區,63000110-030
芝山里,臺北市,士林區,63000110-031
東山里,臺北市,士林區,63000110-032
三玉里,臺北市,士林區,63000110-033
永和里,臺北市,北投區,63000120-009
永欣里,臺北市,北投區,63000120-010
永明里,臺北市,北投區,63000120-011
東華里,臺北市,北投區,63000120-012
吉利里,臺北市,北投區,63000120-013
吉慶里,臺北市,北投區,63000120-014
尊賢里,臺北市,北投區,63000120-015
立賢里,臺北市,北投區,63000120-016
立農里,臺北市,北投區,63000120-017
八仙里,臺北市,北投區,63000120-018
洲美里,臺北市,北投區,63000120-019
奇岩里,臺北市,北投區,63000120-020
清江里,臺北市,北投區,63000120-021
中央里,臺北市,北投區,63000120-022
長安里,臺北市,北投區,63000120-023
大同里,臺北市,北投區,63000120-024
溫泉里,臺北市,北投區,63000120-025
林泉里,臺北市,北投區,63000120-026
中心里,臺北市,北投區,63000120-027
中庸里,臺北市,北投區,63000120-028
開明里,臺北市,北投區,63000120-029
中和里,臺北市,北投區,63000120-030
智仁里,臺北市,北投區,63000120-031
秀山里,臺北市,北投區,63000120-032
文化里,臺北市,北投區,63000120-033
豐年里,臺北市,北投區,63000120-034
稻香里,臺北市,北投區,63000120-035
桃源里,臺北市,北投區,63000120-036
一德里,臺北市,北投區,63000120-037
關渡里,臺北市,北投區,63000120-038
泉源里,臺北市,北投區,63000120-039
湖山里,臺北市,北投區,63000120-040
大屯里,臺北市,北投區,63000120-041
湖田里,臺北市,北投區,63000120-042
留侯里,新北市,板橋區,65000010-001
流芳里,新北市,板橋區,65000010-002
赤松里,新北市,板橋區,65000010-003
黃石里,新北市,板橋區,65000010-004
挹秀里,新北市,板橋區,65000010-005
湳興里,新北市,板橋區,65000010-006
新興里,新北市,板橋區,65000010-007
社後里,新北市,板橋區,65000010-008
香社里,新北市,板橋區,65000010-009
中正里,新北市,板橋區,65000010-010
自強里,新北市,板橋區,65000010-011
自立里,新北市,板橋區,65000010-012
光華里,新北市,板橋區,65000010-013
國光里,新北市,板橋區,65000010-014
港尾里,新北市,板橋區,65000010-015
金華里,新北市,板橋區,65000010-016
港德里,新北市,板橋區,65000010-017
民權里,新北市,板橋區,65000010-018
建國里,新北市,板橋區,65000010-019
漢生里,新北市,板橋區,65000010-020
公?里,新北市,板橋區,65000010-021
新民里,新北市,板橋區,65000010-022
幸福里,新北市,板橋區,65000010-023
忠誠里,新北市,板橋區,65000010-024
百壽里,新北市,板橋區,65000010-025
介壽里,新北市,板橋區,65000010-026
新埔里,新北市,板橋區,65000010-027
華江里,新北市,板橋區,65000010-028
江翠里,新北市,板橋區,65000010-029
純翠里,新北市,板橋區,65000010-030
溪頭里,新北市,板橋區,65000010-031
聯翠里,新北市,板橋區,65000010-032
宏翠里,新北市,板橋區,65000010-033
仁翠里,新北市,板橋區,65000010-034
新翠里,新北市,板橋區,65000010-035
吉翠里,新北市,板橋區,65000010-036
德翠里,新北市,板橋區,65000010-037
滿翠里,新北市,板橋區,65000010-038
明翠里,新北市,板橋區,65000010-039
松翠里,新北市,板橋區,65000010-040
柏翠里,新北市,板橋區,65000010-041
龍翠里,新北市,板橋區,65000010-042
華翠里,新北市,板橋區,65000010-043
忠翠里,新北市,板橋區,65000010-044
嵐翠里,新北市,板橋區,65000010-045
文翠里,新北市,板橋區,65000010-046
青翠里,新北市,板橋區,65000010-047
懷翠里,新北市,板橋區,65000010-048
福翠里,新北市,板橋區,65000010-049
港嘴里,新北市,板橋區,65000010-050
振興里,新北市,板橋區,65000010-051
振義里,新北市,板橋區,65000010-052
光復里,新北市,板橋區,65000010-053
埔墘里,新北市,板橋區,65000010-054
長壽里,新北市,板橋區,65000010-055
福壽里,新北市,板橋區,65000010-056
海山里,新北市,板橋區,65000010-057
九如里,新北市,板橋區,65000010-058
玉光里,新北市,板橋區,65000010-059
光仁里,新北市,板橋區,65000010-060
埤墘里,新北市,板橋區,65000010-061
永安里,新北市,板橋區,65000010-062
雙玉里,新北市,板橋區,65000010-063
廣新里,新北市,板橋區,65000010-064
深丘里,新北市,板橋區,65000010-065
香丘里,新北市,板橋區,65000010-066
西安里,新北市,板橋區,65000010-067
東丘里,新北市,板橋區,65000010-068
長安里,新北市,板橋區,65000010-069
福丘里,新北市,板橋區,65000010-070
福祿里,新北市,板橋區,65000010-071
民族里,新北市,板橋區,65000010-072
國泰里,新北市,板橋區,65000010-073
福德里,新北市,板橋區,65000010-074
景星里,新北市,板橋區,65000010-075
福星里,新北市,板橋區,65000010-076
鄉雲里,新北市,板橋區,65000010-077
廣德里,新北市,板橋區,65000010-078
大豐里,新北市,板橋區,65000010-079
重慶里,新北市,板橋區,65000010-080
仁愛里,新北市,板橋區,65000010-081
和平里,新北市,板橋區,65000010-082
廣福里,新北市,板橋區,65000010-083
華興里,新北市,板橋區,65000010-084
華貴里,新北市,板橋區,65000010-085
華德里,新北市,板橋區,65000010-086
華東里,新北市,板橋區,65000010-087
信義里,新北市,板橋區,65000010-088
浮洲里,新北市,板橋區,65000010-089
華中里,新北市,板橋區,65000010-090
僑中里,新北市,板橋區,65000010-091
中山里,新北市,板橋區,65000010-092
復興里,新北市,板橋區,65000010-093
大安里,新北市,板橋區,65000010-094
福安里,新北市,板橋區,65000010-095
聚安里,新北市,板橋區,65000010-096
龍安里,新北市,板橋區,65000010-097
崑崙里,新北市,板橋區,65000010-098
溪洲里,新北市,板橋區,65000010-099
二重里,新北市,三重區,65000020-002
頂崁里,新北市,三重區,65000020-003
谷王里,新北市,三重區,65000020-004
中興里,新北市,三重區,65000020-005
德厚里,新北市,三重區,65000020-006
成功里,新北市,三重區,65000020-007
福祉里,新北市,三重區,65000020-008
福民里,新北市,三重區,65000020-009
過田里,新北市,三重區,65000020-010
錦田里,新北市,三重區,65000020-011
重明里,新北市,三重區,65000020-012
光田里,新北市,三重區,65000020-013
光陽里,新北市,三重區,65000020-014
田心里,新北市,三重區,65000020-015
福田里,新北市,三重區,65000020-016
田中里,新北市,三重區,65000020-017
田安里,新北市,三重區,65000020-018
三民里,新北市,三重區,65000020-019
光明里,新北市,三重區,65000020-020
光正里,新北市,三重區,65000020-021
同安里,新北市,三重區,65000020-022
同慶里,新北市,三重區,65000020-023
菜寮里,新北市,三重區,65000020-024
永春里,新北市,三重區,65000020-025
中正里,新北市,三重區,65000020-026
吉利里,新北市,三重區,65000020-027
大同里,新北市,三重區,65000020-028
中民里,新北市,三重區,65000020-029
平和里,新北市,三重區,65000020-030
大安里,新北市,三重區,65000020-031
仁德里,新北市,三重區,65000020-032
忠孝里,新北市,三重區,65000020-033
仁義里,新北市,三重區,65000020-034
光榮里,新北市,三重區,65000020-035
光輝里,新北市,三重區,65000020-036
福星里,新北市,三重區,65000020-037
福利里,新北市,三重區,65000020-038
清和里,新北市,三重區,65000020-039
永興里,新北市,三重區,65000020-040
中山里,新北市,三重區,65000020-041
大園里,新北市,三重區,65000020-042
國隆里,新北市,三重區,65000020-043
重陽里,新北市,三重區,65000020-044
民生里,新北市,三重區,65000020-045
重新里,新北市,三重區,65000020-046
正德里,新北市,三重區,65000020-047
正義里,新北市,三重區,65000020-048
正安里,新北市,三重區,65000020-049
自強里,新北市,三重區,65000020-050
文化里,新北市,三重區,65000020-051
中央里,新北市,三重區,65000020-052
雙園里,新北市,三重區,65000020-053
錦通里,新北市,三重區,65000020-054
錦安里,新北市,三重區,65000020-055
長安里,新北市,三重區,65000020-056
光華里,新北市,三重區,65000020-057
長生里,新北市,三重區,65000020-058
開元里,新北市,三重區,65000020-059
大德里,新北市,三重區,65000020-060
長元里,新北市,三重區,65000020-061
長江里,新北市,三重區,65000020-062
長泰里,新北市,三重區,65000020-063
長福里,新北市,三重區,65000020-064
介壽里,新北市,三重區,65000020-065
萬壽里,新北市,三重區,65000020-066
錦江里,新北市,三重區,65000020-067
龍濱里,新北市,三重區,65000020-068
龍門里,新北市,三重區,65000020-069
秀江里,新北市,三重區,65000020-070
奕壽里,新北市,三重區,65000020-071
三安里,新北市,三重區,65000020-072
福安里,新北市,三重區,65000020-073
信安里,新北市,三重區,65000020-074
安慶里,新北市,三重區,65000020-075
幸福里,新北市,三重區,65000020-076
六合里,新北市,三重區,65000020-077
六福里,新北市,三重區,65000020-078
順德里,新北市,三重區,65000020-079
承德里,新北市,三重區,65000020-080
瑞德里,新北市,三重區,65000020-081
崇德里,新北市,三重區,65000020-082
厚德里,新北市,三重區,65000020-083
維德里,新北市,三重區,65000020-084
尚德里,新北市,三重區,65000020-085
培德里,新北市,三重區,65000020-086
永德里,新北市,三重區,65000020-087
永盛里,新北市,三重區,65000020-088
永福里,新北市,三重區,65000020-089
永清里,新北市,三重區,65000020-090
永安里,新北市,三重區,65000020-091
永煇里,新北市,三重區,65000020-092
溪美里,新北市,三重區,65000020-093
福隆里,新北市,三重區,65000020-094
五常里,新北市,三重區,65000020-095
五福里,新北市,三重區,65000020-096
仁忠里,新北市,三重區,65000020-097
慈福里,新北市,三重區,65000020-098
慈生里,新北市,三重區,65000020-099
慈惠里,新北市,三重區,65000020-100
慈愛里,新北市,三重區,65000020-101
慈化里,新北市,三重區,65000020-102
慈祐里,新北市,三重區,65000020-103
五華里,新北市,三重區,65000020-104
富貴里,新北市,三重區,65000020-105
富華里,新北市,三重區,65000020-106
富福里,新北市,三重區,65000020-107
碧華里,新北市,三重區,65000020-108
五谷里,新北市,三重區,65000020-109
博愛里,新北市,三重區,65000020-110
福德里,新北市,三重區,65000020-111
永吉里,新北市,三重區,65000020-112
永發里,新北市,三重區,65000020-113
永順里,新北市,三重區,65000020-114
永豐里,新北市,三重區,65000020-115
立德里,新北市,三重區,65000020-116
福樂里,新北市,三重區,65000020-117
仁華里,新北市,三重區,65000020-118
五順里,新北市,三重區,65000020-119
中原里,新北市,中和區,65000030-001
平河里,新北市,中和區,65000030-002
信和里,新北市,中和區,65000030-003
仁和里,新北市,中和區,65000030-004
中正里,新北市,中和區,65000030-005
建和里,新北市,中和區,65000030-006
連和里,新北市,中和區,65000030-007
連城里,新北市,中和區,65000030-008
力行里,新北市,中和區,65000030-009
枋寮里,新北市,中和區,65000030-010
漳和里,新北市,中和區,65000030-011
廟美里,新北市,中和區,65000030-012
福真里,新北市,中和區,65000030-013
福善里,新北市,中和區,65000030-014
福美里,新北市,中和區,65000030-015
福祥里,新北市,中和區,65000030-016
瓦?里,新北市,中和區,65000030-017
福和里,新北市,中和區,65000030-018
佳和里,新北市,中和區,65000030-019
安樂里,新北市,中和區,65000030-020
安和里,新北市,中和區,65000030-021
安平里,新北市,中和區,65000030-022
中安里,新北市,中和區,65000030-023
泰安里,新北市,中和區,65000030-024
新南里,新北市,中和區,65000030-025
南山里,新北市,中和區,65000030-026
秀山里,新北市,中和區,65000030-027
秀成里,新北市,中和區,65000030-028
秀福里,新北市,中和區,65000030-029
秀景里,新北市,中和區,65000030-030
秀明里,新北市,中和區,65000030-031
秀峰里,新北市,中和區,65000030-032
秀仁里,新北市,中和區,65000030-033
頂南里,新北市,中和區,65000030-034
華新里,新北市,中和區,65000030-035
東南里,新北市,中和區,65000030-036
華南里,新北市,中和區,65000030-037
忠孝里,新北市,中和區,65000030-038
崇南里,新北市,中和區,65000030-039
景南里,新北市,中和區,65000030-040
橫路里,新北市,中和區,65000030-041
內南里,新北市,中和區,65000030-042
壽南里,新北市,中和區,65000030-043
外南里,新北市,中和區,65000030-044
復興里,新北市,中和區,65000030-045
和興里,新北市,中和區,65000030-046
景平里,新北市,中和區,65000030-047
景新里,新北市,中和區,65000030-048
景福里,新北市,中和區,65000030-049
景安里,新北市,中和區,65000030-050
景文里,新北市,中和區,65000030-051
錦和里,新北市,中和區,65000030-052
錦昌里,新北市,中和區,65000030-053
灰?里,新北市,中和區,65000030-054
積穗里,新北市,中和區,65000030-055
民享里,新北市,中和區,65000030-056
員山里,新北市,中和區,65000030-057
嘉穗里,新北市,中和區,65000030-058
文元里,新北市,中和區,65000030-059
嘉新里,新北市,中和區,65000030-060
民安里,新北市,中和區,65000030-061
安穗里,新北市,中和區,65000030-062
瑞穗里,新北市,中和區,65000030-063
明穗里,新北市,中和區,65000030-064
清穗里,新北市,中和區,65000030-065
自強里,新北市,中和區,65000030-066
德穗里,新北市,中和區,65000030-067
民生里,新北市,中和區,65000030-068
國光里,新北市,中和區,65000030-069
壽德里,新北市,中和區,65000030-070
明德里,新北市,中和區,65000030-071
秀水里,新北市,中和區,65000030-072
德行里,新北市,中和區,65000030-073
宜安里,新北市,中和區,65000030-074
安順里,新北市,中和區,65000030-075
秀義里,新北市,中和區,65000030-076
秀士里,新北市,中和區,65000030-077
興南里,新北市,中和區,65000030-078
景本里,新北市,中和區,65000030-079
福南里,新北市,中和區,65000030-080
中興里,新北市,中和區,65000030-081
吉興里,新北市,中和區,65000030-082
中山里,新北市,中和區,65000030-083
碧河里,新北市,中和區,65000030-084
錦中里,新北市,中和區,65000030-085
錦盛里,新北市,中和區,65000030-086
民有里,新北市,中和區,65000030-087
員富里,新北市,中和區,65000030-088
嘉慶里,新北市,中和區,65000030-089
冠穗里,新北市,中和區,65000030-090
國華里,新北市,中和區,65000030-091
正南里,新北市,中和區,65000030-092
正行里,新北市,中和區,65000030-093
福林里,新北市,永和區,65000040-001
文化里,新北市,永和區,65000040-002
豫溪里,新北市,永和區,65000040-003
光明里,新北市,永和區,65000040-004
仁愛里,新北市,永和區,65000040-005
永貞里,新北市,永和區,65000040-006
永福里,新北市,永和區,65000040-007
民治里,新北市,永和區,65000040-008
永成里,新北市,永和區,65000040-009
忠義里,新北市,永和區,65000040-010
永元里,新北市,永和區,65000040-011
秀林里,新北市,永和區,65000040-012
保安里,新北市,永和區,65000040-013
中溪里,新北市,永和區,65000040-014
永安里,新北市,永和區,65000040-015
民族里,新北市,永和區,65000040-016
民權里,新北市,永和區,65000040-017
中興里,新北市,永和區,65000040-018
勵行里,新北市,永和區,65000040-019
秀朗里,新北市,永和區,65000040-020
秀成里,新北市,永和區,65000040-021
上溪里,新北市,永和區,65000040-022
竹林里,新北市,永和區,65000040-023
雙和里,新北市,永和區,65000040-024
安和里,新北市,永和區,65000040-025
水源里,新北市,永和區,65000040-026
協和里,新北市,永和區,65000040-027
河堤里,新北市,永和區,65000040-028
頂溪里,新北市,永和區,65000040-029
潭墘里,新北市,永和區,65000040-030
潭安里,新北市,永和區,65000040-031
大新里,新北市,永和區,65000040-032
保平里,新北市,永和區,65000040-033
民本里,新北市,永和區,65000040-034
民樂里,新北市,永和區,65000040-035
光復里,新北市,永和區,65000040-036
復興里,新北市,永和區,65000040-037
福和里,新北市,永和區,65000040-038
得和里,新北市,永和區,65000040-039
智光里,新北市,永和區,65000040-040
新生里,新北市,永和區,65000040-041
大同里,新北市,永和區,65000040-042
前溪里,新北市,永和區,65000040-043
和平里,新北市,永和區,65000040-044
新?里,新北市,永和區,65000040-045
下溪里,新北市,永和區,65000040-046
秀和里,新北市,永和區,65000040-047
河濱里,新北市,永和區,65000040-048
民生里,新北市,永和區,65000040-049
秀得里,新北市,永和區,65000040-050
上林里,新北市,永和區,65000040-051
網溪里,新北市,永和區,65000040-052
正興里,新北市,永和區,65000040-053
永興里,新北市,永和區,65000040-054
桂林里,新北市,永和區,65000040-055
店街里,新北市,永和區,65000040-056
信義里,新北市,永和區,65000040-057
後溪里,新北市,永和區,65000040-058
民富里,新北市,永和區,65000040-059
秀元里,新北市,永和區,65000040-060
永樂里,新北市,永和區,65000040-061
保順里,新北市,永和區,65000040-062
海山里,新北市,新莊區,65000050-001
頭前里,新北市,新莊區,65000050-002
國泰里,新北市,新莊區,65000050-003
全安里,新北市,新莊區,65000050-004
福基里,新北市,新莊區,65000050-005
豐年里,新北市,新莊區,65000050-006
忠孝里,新北市,新莊區,65000050-007
恆安里,新北市,新莊區,65000050-008
後港里,新北市,新莊區,65000050-009
文衡里,新北市,新莊區,65000050-010
中美里,新北市,新莊區,65000050-011
八德里,新北市,新莊區,65000050-012
興漢里,新北市,新莊區,65000050-013
中和里,新北市,新莊區,65000050-014
西盛里,新北市,新莊區,65000050-015
榮和里,新北市,新莊區,65000050-016
中泰里,新北市,新莊區,65000050-017
瓊林里,新北市,新莊區,65000050-018
文德里,新北市,新莊區,65000050-019
中誠里,新北市,新莊區,65000050-020
裕民里,新北市,新莊區,65000050-021
文明里,新北市,新莊區,65000050-022
中港里,新北市,新莊區,65000050-023
富國里,新北市,新莊區,65000050-024
思源里,新北市,新莊區,65000050-025
立人里,新北市,新莊區,65000050-026
南港里,新北市,新莊區,65000050-027
仁愛里,新北市,新莊區,65000050-028
立德里,新北市,新莊區,65000050-029
信義里,新北市,新莊區,65000050-030
立言里,新北市,新莊區,65000050-031
民安里,新北市,新莊區,65000050-032
和平里,新北市,新莊區,65000050-033
立功里,新北市,新莊區,65000050-034
民本里,新北市,新莊區,65000050-035
化成里,新北市,新莊區,65000050-036
立志里,新北市,新莊區,65000050-037
光華里,新北市,新莊區,65000050-038
思賢里,新北市,新莊區,65000050-039
營盤里,新北市,新莊區,65000050-040
光榮里,新北市,新莊區,65000050-041
自強里,新北市,新莊區,65000050-042
丹鳳里,新北市,新莊區,65000050-043
光明里,新北市,新莊區,65000050-044
自立里,新北市,新莊區,65000050-045
合鳳里,新北市,新莊區,65000050-046
幸福里,新北市,新莊區,65000050-047
雙鳳里,新北市,新莊區,65000050-048
自信里,新北市,新莊區,65000050-049
龍鳳里,新北市,新莊區,65000050-050
中華里,新北市,新莊區,65000050-051
中隆里,新北市,新莊區,65000050-052
中原里,新北市,新莊區,65000050-053
中信里,新北市,新莊區,65000050-054
四維里,新北市,新莊區,65000050-055
建福里,新北市,新莊區,65000050-056
中宏里,新北市,新莊區,65000050-057
中全里,新北市,新莊區,65000050-058
立泰里,新北市,新莊區,65000050-059
全泰里,新北市,新莊區,65000050-060
仁義里,新北市,新莊區,65000050-061
立基里,新北市,新莊區,65000050-062
昌明里,新北市,新莊區,65000050-063
昌平里,新北市,新莊區,65000050-064
文聖里,新北市,新莊區,65000050-065
萬安里,新北市,新莊區,65000050-066
龍安里,新北市,新莊區,65000050-067
福營里,新北市,新莊區,65000050-068
後德里,新北市,新莊區,65000050-069
建安里,新北市,新莊區,65000050-070
成德里,新北市,新莊區,65000050-071
福興里,新北市,新莊區,65000050-072
昌信里,新北市,新莊區,65000050-073
昌隆里,新北市,新莊區,65000050-074
中平里,新北市,新莊區,65000050-075
立廷里,新北市,新莊區,65000050-076
泰豐里,新北市,新莊區,65000050-077
富民里,新北市,新莊區,65000050-078
龍福里,新北市,新莊區,65000050-079
祥鳳里,新北市,新莊區,65000050-080
民全里,新北市,新莊區,65000050-081
民有里,新北市,新莊區,65000050-082
光正里,新北市,新莊區,65000050-083
光和里,新北市,新莊區,65000050-084
國豐里,新北市,新店區,65000060-001
明德里,新北市,新店區,65000060-002
大豐里,新北市,新店區,65000060-003
大同里,新北市,新店區,65000060-004
江陵里,新北市,新店區,65000060-005
寶興里,新北市,新店區,65000060-006
寶安里,新北市,新店區,65000060-007
信義里,新北市,新店區,65000060-008
忠孝里,新北市,新店區,65000060-009
大鵬里,新北市,新店區,65000060-010
太平里,新北市,新店區,65000060-011
頂城里,新北市,新店區,65000060-012
下城里,新北市,新店區,65000060-013
柴埕里,新北市,新店區,65000060-014
永安里,新北市,新店區,65000060-015
公崙里,新北市,新店區,65000060-016
德安里,新北市,新店區,65000060-017
雙城里,新北市,新店區,65000060-018
日興里,新北市,新店區,65000060-019
玫瑰里,新北市,新店區,65000060-020
塗潭里,新北市,新店區,65000060-021
美潭里,新北市,新店區,65000060-022
員潭里,新北市,新店區,65000060-023
雙坑里,新北市,新店區,65000060-024
粗坑里,新北市,新店區,65000060-025
屈尺里,新北市,新店區,65000060-026
龜山里,新北市,新店區,65000060-027
廣興里,新北市,新店區,65000060-028
直潭里,新北市,新店區,65000060-029
青潭里,新北市,新店區,65000060-030
新店里,新北市,新店區,65000060-031
張南里,新北市,新店區,65000060-032
國校里,新北市,新店區,65000060-033
文中里,新北市,新店區,65000060-034
廣明里,新北市,新店區,65000060-035
文明里,新北市,新店區,65000060-036
中興里,新北市,新店區,65000060-037
新生里,新北市,新店區,65000060-038
新德里,新北市,新店區,65000060-039
張北里,新北市,新店區,65000060-040
五?里,新北市,新店區,65000060-041
新安里,新北市,新店區,65000060-042
忠誠里,新北市,新店區,65000060-043
中正里,新北市,新店區,65000060-044
中華里,新北市,新店區,65000060-045
仁愛里,新北市,新店區,65000060-046
百忍里,新北市,新店區,65000060-047
百和里,新北市,新店區,65000060-048
福德里,新北市,新店區,65000060-049
百福里,新北市,新店區,65000060-050
福民里,新北市,新店區,65000060-051
中山里,新北市,新店區,65000060-052
和平里,新北市,新店區,65000060-053
中央里,新北市,新店區,65000060-054
明城里,新北市,新店區,65000060-055
安和里,新北市,新店區,65000060-056
吉祥里,新北市,新店區,65000060-057
寶福里,新北市,新店區,65000060-058
小城里,新北市,新店區,65000060-059
香坡里,新北市,新店區,65000060-060
建國里,新北市,新店區,65000060-061
復興里,新北市,新店區,65000060-062
美城里,新北市,新店區,65000060-063
安昌里,新北市,新店區,65000060-064
長春里,新北市,新店區,65000060-065
新和里,新北市,新店區,65000060-066
永平里,新北市,新店區,65000060-067
達觀里,新北市,新店區,65000060-068
華城里,新北市,新店區,65000060-069
三多里,新北市,樹林區,65000070-001
三福里,新北市,樹林區,65000070-002
樹興里,新北市,樹林區,65000070-029
樹福里,新北市,樹林區,65000070-030
光興里,新北市,樹林區,65000070-031
金寮里,新北市,樹林區,65000070-032
彭興里,新北市,樹林區,65000070-033
文林里,新北市,樹林區,65000070-034
山佳里,新北市,樹林區,65000070-035
中山里,新北市,樹林區,65000070-036
育英里,新北市,樹林區,65000070-037
中華里,新北市,樹林區,65000070-038
太順里,新北市,樹林區,65000070-039
圳民里,新北市,樹林區,65000070-040
圳生里,新北市,樹林區,65000070-041
三龍里,新北市,樹林區,65000070-042
東鶯里,新北市,鶯歌區,65000080-001
西鶯里,新北市,鶯歌區,65000080-002
南鶯里,新北市,鶯歌區,65000080-003
北鶯里,新北市,鶯歌區,65000080-004
中鶯里,新北市,鶯歌區,65000080-005
建德里,新北市,鶯歌區,65000080-006
同慶里,新北市,鶯歌區,65000080-007
永昌里,新北市,鶯歌區,65000080-008
南靖里,新北市,鶯歌區,65000080-009
尖山里,新北市,鶯歌區,65000080-010
二橋里,新北市,鶯歌區,65000080-011
二甲里,新北市,鶯歌區,65000080-012
東湖里,新北市,鶯歌區,65000080-013
大湖里,新北市,鶯歌區,65000080-014
鳳鳴里,新北市,鶯歌區,65000080-015
鳳福里,新北市,鶯歌區,65000080-016
永吉里,新北市,鶯歌區,65000080-017
中湖里,新北市,鶯歌區,65000080-018
鳳祥里,新北市,鶯歌區,65000080-019
建國里,新北市,鶯歌區,65000080-020
三峽里,新北市,三峽區,65000090-001
秀川里,新北市,三峽區,65000090-002
八張里,新北市,三峽區,65000090-003
中埔里,新北市,三峽區,65000090-004
弘道里,新北市,三峽區,65000090-005
永?里,新北市,三峽區,65000090-006
礁溪里,新北市,三峽區,65000090-007
鳶山里,新北市,三峽區,65000090-008
龍埔里,新北市,三峽區,65000090-009
大埔里,新北市,三峽區,65000090-010
嘉添里,新北市,三峽區,65000090-011
添福里,新北市,三峽區,65000090-012
金圳里,新北市,三峽區,65000090-013
五寮里,新北市,三峽區,65000090-014
插角里,新北市,三峽區,65000090-015
有木里,新北市,三峽區,65000090-016
溪北里,新北市,三峽區,65000090-017
溪南里,新北市,三峽區,65000090-018
溪東里,新北市,三峽區,65000090-019
成福里,新北市,三峽區,65000090-020
安坑里,新北市,三峽區,65000090-021
竹崙里,新北市,三峽區,65000090-022
介壽里,新北市,三峽區,65000090-023
安溪里,新北市,三峽區,65000090-024
中正里,新北市,三峽區,65000090-025
二鬮里,新北市,三峽區,65000090-026
龍學里,新北市,三峽區,65000090-027
龍恩里,新北市,三峽區,65000090-028
中和里,新北市,淡水區,65000100-001
屯山里,新北市,淡水區,65000100-002
賢孝里,新北市,淡水區,65000100-003
興仁里,新北市,淡水區,65000100-004
蕃薯里,新北市,淡水區,65000100-005
義山里,新北市,淡水區,65000100-006
忠山里,新北市,淡水區,65000100-007
崁頂里,新北市,淡水區,65000100-008
埤島里,新北市,淡水區,65000100-009
新興里,新北市,淡水區,65000100-010
水碓里,新北市,淡水區,65000100-011
北投里,新北市,淡水區,65000100-012
水源里,新北市,淡水區,65000100-013
忠寮里,新北市,淡水區,65000100-014
樹興里,新北市,淡水區,65000100-015
坪頂里,新北市,淡水區,65000100-016
福德里,新北市,淡水區,65000100-017
竹圍里,新北市,淡水區,65000100-018
民生里,新北市,淡水區,65000100-019
八勢里,新北市,淡水區,65000100-020
竿蓁里,新北市,淡水區,65000100-021
鄧公里,新北市,淡水區,65000100-022
中興里,新北市,淡水區,65000100-023
長庚里,新北市,淡水區,65000100-024
清文里,新北市,淡水區,65000100-025
草東里,新北市,淡水區,65000100-026
協元里,新北市,淡水區,65000100-027
永吉里,新北市,淡水區,65000100-028
民安里,新北市,淡水區,65000100-029
新生里,新北市,淡水區,65000100-030
八連里,新北市,汐止區,65000110-017
樟樹里,新北市,汐止區,65000110-018
北峰里,新北市,汐止區,65000110-019
北山里,新北市,汐止區,65000110-020
白雲里,新北市,汐止區,65000110-021
橫科里,新北市,汐止區,65000110-022
東山里,新北市,汐止區,65000110-023
福山里,新北市,汐止區,65000110-024
宜興里,新北市,汐止區,65000110-025
中興里,新北市,汐止區,65000110-026
湖光里,新北市,汐止區,65000110-027
仁德里,新北市,汐止區,65000110-028
厚德里,新北市,汐止區,65000110-029
忠孝里,新北市,汐止區,65000110-030
自強里,新北市,汐止區,65000110-031
文化里,新北市,汐止區,65000110-032
金龍里,新北市,汐止區,65000110-033
福德里,新北市,汐止區,65000110-034
興福里,新北市,汐止區,65000110-035
康福里,新北市,汐止區,65000110-036
忠山里,新北市,汐止區,65000110-037
環河里,新北市,汐止區,65000110-038
東勢里,新北市,汐止區,65000110-039
山光里,新北市,汐止區,65000110-040
大同里,新北市,汐止區,65000110-041
崇德里,新北市,汐止區,65000110-042
湖興里,新北市,汐止區,65000110-043
長青里,新北市,汐止區,65000110-044
福安里,新北市,汐止區,65000110-045
秀山里,新北市,汐止區,65000110-046
建成里,新北市,汐止區,65000110-047
城中里,新北市,汐止區,65000110-048
湖蓮里,新北市,汐止區,65000110-049
保新里,新北市,汐止區,65000110-050
龍潭里,新北市,瑞芳區,65000120-001
龍興里,新北市,瑞芳區,65000120-002
龍鎮里,新北市,瑞芳區,65000120-003
龍川里,新北市,瑞芳區,65000120-004
龍山里,新北市,瑞芳區,65000120-005
龍安里,新北市,瑞芳區,65000120-006
爪?里,新北市,瑞芳區,65000120-007
柑坪里,新北市,瑞芳區,65000120-008
東和里,新北市,瑞芳區,65000120-009
上天里,新北市,瑞芳區,65000120-010
吉慶里,新北市,瑞芳區,65000120-011
吉安里,新北市,瑞芳區,65000120-012
傑魚里,新北市,瑞芳區,65000120-013
猴硐里,新北市,瑞芳區,65000120-014
光復里,新北市,瑞芳區,65000120-015
弓橋里,新北市,瑞芳區,65000120-016
碩仁里,新北市,瑞芳區,65000120-017
基山里,新北市,瑞芳區,65000120-018
永慶里,新北市,瑞芳區,65000120-019
崇文里,新北市,瑞芳區,65000120-020
福住里,新北市,瑞芳區,65000120-021
頌德里,新北市,瑞芳區,65000120-022
新山里,新北市,瑞芳區,65000120-023
瓜山里,新北市,瑞芳區,65000120-024
銅山里,新北市,瑞芳區,65000120-025
石山里,新北市,瑞芳區,65000120-026
濂新里,新北市,瑞芳區,65000120-027
濂洞里,新北市,瑞芳區,65000120-028
海濱里,新北市,瑞芳區,65000120-029
瑞濱里,新北市,瑞芳區,65000120-030
深澳里,新北市,瑞芳區,65000120-031
南雅里,新北市,瑞芳區,65000120-032
鼻頭里,新北市,瑞芳區,65000120-033
新峰里,新北市,瑞芳區,65000120-034
埤塘里,新北市,土城區,65000130-001
土城里,新北市,土城區,65000130-002
員林里,新北市,土城區,65000130-003
員仁里,新北市,土城區,65000130-004
長風里,新北市,土城區,65000130-005
日新里,新北市,土城區,65000130-006
日和里,新北市,土城區,65000130-007
貨饒里,新北市,土城區,65000130-008
柑林里,新北市,土城區,65000130-009
埤林里,新北市,土城區,65000130-010
瑞興里,新北市,土城區,65000130-011
清水里,新北市,土城區,65000130-012
清和里,新北市,土城區,65000130-013
永豐里,新北市,土城區,65000130-014
清化里,新北市,土城區,65000130-015
清溪里,新北市,土城區,65000130-016
?廷里,新北市,土城區,65000130-017
平和里,新北市,土城區,65000130-018
廷寮里,新北市,土城區,65000130-019
大安里,新北市,土城區,65000130-020
永寧里,新北市,土城區,65000130-021
沛陂里,新北市,土城區,65000130-022
頂埔里,新北市,土城區,65000130-023
頂福里,新北市,土城區,65000130-024
頂新里,新北市,土城區,65000130-025
祖田里,新北市,土城區,65000130-026
樂利里,新北市,土城區,65000130-027
廣福里,新北市,土城區,65000130-028
學府里,新北市,土城區,65000130-029
延壽里,新北市,土城區,65000130-030
安和里,新北市,土城區,65000130-031
青雲里,新北市,土城區,65000130-032
員福里,新北市,土城區,65000130-033
延吉里,新北市,土城區,65000130-034
復興里,新北市,土城區,65000130-035
裕生里,新北市,土城區,65000130-036
員信里,新北市,土城區,65000130-037
永富里,新北市,土城區,65000130-038
學成里,新北市,土城區,65000130-039
延和里,新北市,土城區,65000130-040
中正里,新北市,土城區,65000130-041
學士里,新北市,土城區,65000130-042
明德里,新北市,土城區,65000130-043
廣興里,新北市,土城區,65000130-044
青山里,新北市,土城區,65000130-045
金城里,新北市,土城區,65000130-046
延祿里,新北市,土城區,65000130-047
正義里,新北市,蘆洲區,65000140-001
中原里,新北市,蘆洲區,65000140-002
中路里,新北市,蘆洲區,65000140-003
光華里,新北市,蘆洲區,65000140-004
保佑里,新北市,蘆洲區,65000140-005
水湳里,新北市,蘆洲區,65000140-006
樓厝里,新北市,蘆洲區,65000140-007
鷺江里,新北市,蘆洲區,65000140-008
恆德里,新北市,蘆洲區,65000140-009
溪墘里,新北市,蘆洲區,65000140-010
樹德里,新北市,蘆洲區,65000140-011
保和里,新北市,蘆洲區,65000140-012
仁復里,新北市,蘆洲區,65000140-013
得勝里,新北市,蘆洲區,65000140-014
南港里,新北市,蘆洲區,65000140-015
永樂里,新北市,蘆洲區,65000140-016
永康里,新北市,蘆洲區,65000140-017
信義里,新北市,蘆洲區,65000140-018
玉清里,新北市,蘆洲區,65000140-019
復興里,新北市,蘆洲區,65000140-020
水河里,新北市,蘆洲區,65000140-021
仁愛里,新北市,蘆洲區,65000140-022
忠義里,新北市,蘆洲區,65000140-023
九芎里,新北市,蘆洲區,65000140-024
中華里,新北市,蘆洲區,65000140-025
得仁里,新北市,蘆洲區,65000140-026
仁德里,新北市,蘆洲區,65000140-027
仁義里,新北市,蘆洲區,65000140-028
光明里,新北市,蘆洲區,65000140-029
保新里,新北市,蘆洲區,65000140-030
長安里,新北市,蘆洲區,65000140-031
民和里,新北市,蘆洲區,65000140-032
忠孝里,新北市,蘆洲區,65000140-033
福安里,新北市,蘆洲區,65000140-034
永安里,新北市,蘆洲區,65000140-035
延平里,新北市,蘆洲區,65000140-036
成功里,新北市,蘆洲區,65000140-037
永德里,新北市,蘆洲區,65000140-038
興珍里,新北市,五股區,65000150-001
更寮里,新北市,五股區,65000150-002
集福里,新北市,五股區,65000150-003
觀音里,新北市,五股區,65000150-004
成州里,新北市,五股區,65000150-005
成功里,新北市,五股區,65000150-006
五龍里,新北市,五股區,65000150-007
五股里,新北市,五股區,65000150-008
五福里,新北市,五股區,65000150-009
德音里,新北市,五股區,65000150-010
陸一里,新北市,五股區,65000150-011
貿商里,新北市,五股區,65000150-012
德泰里,新北市,五股區,65000150-013
成德里,新北市,五股區,65000150-014
六福里,新北市,五股區,65000150-015
集賢里,新北市,五股區,65000150-016
民義里,新北市,五股區,65000150-017
成泰里,新北市,五股區,65000150-018
水碓里,新北市,五股區,65000150-019
福德里,新北市,五股區,65000150-020
大科里,新北市,泰山區,65000160-001
黎明里,新北市,泰山區,65000160-002
山腳里,新北市,泰山區,65000160-003
福泰里,新北市,泰山區,65000160-004
楓樹里,新北市,泰山區,65000160-005
同榮里,新北市,泰山區,65000160-006
義學里,新北市,泰山區,65000160-007
明志里,新北市,泰山區,65000160-008
貴子里,新北市,泰山區,65000160-009
貴和里,新北市,泰山區,65000160-010
同興里,新北市,泰山區,65000160-011
義仁里,新北市,泰山區,65000160-012
泰友里,新北市,泰山區,65000160-013
新明里,新北市,泰山區,65000160-014
貴賢里,新北市,泰山區,65000160-015
福興里,新北市,泰山區,65000160-016
全興里,新北市,泰山區,65000160-017
東林里,新北市,林口區,65000170-001
林口里,新北市,林口區,65000170-002
西林里,新北市,林口區,65000170-003
菁湖里,新北市,林口區,65000170-004
中湖里,新北市,林口區,65000170-005
湖北里,新北市,林口區,65000170-006
湖南里,新北市,林口區,65000170-007
南勢里,新北市,林口區,65000170-008
東勢里,新北市,林口區,65000170-009
頂福里,新北市,林口區,65000170-010
下福里,新北市,林口區,65000170-011
嘉寶里,新北市,林口區,65000170-012
瑞平里,新北市,林口區,65000170-013
太平里,新北市,林口區,65000170-014
仁愛里,新北市,林口區,65000170-015
麗林里,新北市,林口區,65000170-016
麗園里,新北市,林口區,65000170-017
深坑里,新北市,深坑區,65000180-001
萬順里,新北市,深坑區,65000180-002
土庫里,新北市,深坑區,65000180-003
昇高里,新北市,深坑區,65000180-004
阿柔里,新北市,深坑區,65000180-005
埔新里,新北市,深坑區,65000180-006
萬福里,新北市,深坑區,65000180-007
賴仲里,新北市,深坑區,65000180-008
石碇里,新北市,石碇區,65000190-001
潭邊里,新北市,石碇區,65000190-002
隆盛里,新北市,石碇區,65000190-003
烏塗里,新北市,石碇區,65000190-004
彭山里,新北市,石碇區,65000190-005
豐田里,新北市,石碇區,65000190-006
永定里,新北市,石碇區,65000190-007
中民里,新北市,石碇區,65000190-008
光明里,新北市,石碇區,65000190-009
豐林里,新北市,石碇區,65000190-010
永安里,新北市,石碇區,65000190-011
格頭里,新北市,石碇區,65000190-012
粗窟里,新北市,坪林區,65000200-001
坪林里,新北市,坪林區,65000200-002
大林里,新北市,坪林區,65000200-003
石[曹]里,新北市,坪林區,65000200-004
上德里,新北市,坪林區,65000200-005
水德里,新北市,坪林區,65000200-006
漁光里,新北市,坪林區,65000200-007
八賢里,新北市,三芝區,65000210-001
埔頭里,新北市,三芝區,65000210-002
古庄里,新北市,三芝區,65000210-003
新庄里,新北市,三芝區,65000210-004
埔坪里,新北市,三芝區,65000210-005
茂長里,新北市,三芝區,65000210-006
橫山里,新北市,三芝區,65000210-007
錫板里,新北市,三芝區,65000210-008
後厝里,新北市,三芝區,65000210-009
福德里,新北市,三芝區,65000210-010
圓山里,新北市,三芝區,65000210-011
店子里,新北市,三芝區,65000210-012
興華里,新北市,三芝區,65000210-013
德茂里,新北市,石門區,65000220-001
富基里,新北市,石門區,65000220-002
老梅里,新北市,石門區,65000220-003
山溪里,新北市,石門區,65000220-004
石門里,新北市,石門區,65000220-005
尖鹿里,新北市,石門區,65000220-006
乾華里,新北市,石門區,65000220-007
茂林里,新北市,石門區,65000220-008
草里里,新北市,石門區,65000220-009
龍源里,新北市,八里區,65000230-001
米倉里,新北市,八里區,65000230-002
大崁里,新北市,八里區,65000230-003
埤頭里,新北市,八里區,65000230-004
頂罟里,新北市,八里區,65000230-005
舊城里,新北市,八里區,65000230-006
訊塘里,新北市,八里區,65000230-007
荖阡里,新北市,八里區,65000230-008
長坑里,新北市,八里區,65000230-009
下罟里,新北市,八里區,65000230-010
薯榔里,新北市,平溪區,65000240-001
菁桐里,新北市,平溪區,65000240-002
白石里,新北市,平溪區,65000240-003
石底里,新北市,平溪區,65000240-004
平溪里,新北市,平溪區,65000240-005
嶺腳里,新北市,平溪區,65000240-006
東勢里,新北市,平溪區,65000240-007
望古里,新北市,平溪區,65000240-008
南山里,新北市,平溪區,65000240-009
平湖里,新北市,平溪區,65000240-010
十分里,新北市,平溪區,65000240-011
新寮里,新北市,平溪區,65000240-012
雙溪里,新北市,雙溪區,65000250-001
共和里,新北市,雙溪區,65000250-002
新基里,新北市,雙溪區,65000250-003
魚行里,新北市,雙溪區,65000250-004
三港里,新北市,雙溪區,65000250-005
牡丹里,新北市,雙溪區,65000250-006
三貂里,新北市,雙溪區,65000250-007
平林里,新北市,雙溪區,65000250-008
上林里,新北市,雙溪區,65000250-009
外柑里,新北市,雙溪區,65000250-010
長源里,新北市,雙溪區,65000250-011
泰平里,新北市,雙溪區,65000250-012
貢寮里,新北市,貢寮區,65000260-001
吉林里,新北市,貢寮區,65000260-002
雙玉里,新北市,貢寮區,65000260-003
龍崗里,新北市,貢寮區,65000260-004
龍門里,新北市,貢寮區,65000260-005
福隆里,新北市,貢寮區,65000260-006
仁里里,新北市,貢寮區,65000260-007
真理里,新北市,貢寮區,65000260-008
福連里,新北市,貢寮區,65000260-009
美豐里,新北市,貢寮區,65000260-010
和美里,新北市,貢寮區,65000260-011
和平里,新北市,金山區,65000270-001
大同里,新北市,金山區,65000270-002
豐漁里,新北市,金山區,65000270-003
磺港里,新北市,金山區,65000270-004
美田里,新北市,金山區,65000270-005
五湖里,新北市,金山區,65000270-006
重和里,新北市,金山區,65000270-007
兩湖里,新北市,金山區,65000270-008
六股里,新北市,金山區,65000270-009
三界里,新北市,金山區,65000270-010
清泉里,新北市,金山區,65000270-011
萬壽里,新北市,金山區,65000270-012
西湖里,新北市,金山區,65000270-013
永興里,新北市,金山區,65000270-014
金美里,新北市,金山區,65000270-015
萬里里,新北市,萬里區,65000280-001
龜吼里,新北市,萬里區,65000280-002
野柳里,新北市,萬里區,65000280-003
大鵬里,新北市,萬里區,65000280-004
磺潭里,新北市,萬里區,65000280-005
雙興里,新北市,萬里區,65000280-006
溪底里,新北市,萬里區,65000280-007
崁?里,新北市,萬里區,65000280-008
中幅里,新北市,萬里區,65000280-009
北基里,新北市,萬里區,65000280-010
烏來里,新北市,烏來區,65000290-001
忠治里,新北市,烏來區,65000290-002
福山里,新北市,烏來區,65000290-003
信賢里,新北市,烏來區,65000290-004
孝義里,新北市,烏來區,65000290-005
