COUNTYNAME,TOWNNAME,VILLNAME,DN
臺北市,內湖區,石潭里,"20"
臺北市,內湖區,湖元里,"20"
臺北市,內湖區,行善里,"20"
臺北市,內湖區,週美里,"20"
臺北市,內湖區,湖興里,"20"
臺北市,南港區,西新里,"23"
臺北市,南港區,重陽里,"23"
臺北市,內湖區,蘆洲里,"23"
臺北市,內湖區,石潭里,"23"
臺北市,南港區,東新里,"23"
臺北市,內湖區,湖興里,"23"
臺北市,內湖區,寶湖里,"23"
臺北市,南港區,西新里,"18"
臺北市,內湖區,石潭里,"18"
臺北市,松山區,慈祐里,"18"
臺北市,信義區,四育里,"18"
臺北市,信義區,永吉里,"18"
臺北市,南港區,聯成里,"18"
臺北市,南港區,合成里,"18"
臺北市,信義區,大道里,"18"
臺北市,信義區,永春里,"18"
臺北市,南港區,鴻福里,"18"
臺北市,信義區,四維里,"18"
臺北市,南港區,成福里,"18"
臺北市,南港區,萬福里,"18"
臺北市,南港區,玉成里,"18"
臺北市,內湖區,行善里,"18"
臺北市,內湖區,週美里,"18"
臺北市,南港區,西新里,"21"
臺北市,南港區,重陽里,"21"
臺北市,內湖區,石潭里,"21"
臺北市,南港區,新光里,"21"
臺北市,南港區,聯成里,"21"
臺北市,南港區,合成里,"21"
臺北市,南港區,成福里,"21"
臺北市,南港區,中南里,"21"
臺北市,南港區,東明里,"21"
臺北市,南港區,東新里,"21"
臺北市,南港區,重陽里,"25"
臺北市,內湖區,蘆洲里,"25"
臺北市,內湖區,石潭里,"25"
臺北市,南港區,新光里,"25"
臺北市,內湖區,南湖里,"25"
臺北市,內湖區,葫洲里,"25"
新北市,深坑區,萬福里,"25"
臺北市,南港區,九如里,"25"
臺北市,南港區,中研里,"25"
臺北市,南港區,中南里,"25"
臺北市,南港區,東明里,"25"
臺北市,南港區,東新里,"25"
臺北市,南港區,南港里,"25"
臺北市,南港區,三重里,"25"
臺北市,內湖區,五分里,"25"
臺北市,內湖區,寶湖里,"25"
新北市,新店區,建國里,"30"
新北市,新店區,福民里,"30"
新北市,新店區,忠誠里,"30"
新北市,新店區,新安里,"30"
新北市,新店區,國豐里,"30"
新北市,新店區,復興里,"30"
新北市,新店區,中華里,"30"
新北市,新店區,百福里,"30"
新北市,新店區,中正里,"30"
新北市,新店區,仁愛里,"30"
新北市,新店區,張北里,"30"
新北市,新店區,百忍里,"30"
新北市,新店區,福德里,"30"
新北市,新店區,中央里,"30"
新北市,新店區,百和里,"30"
新北市,新店區,明德里,"30"
新北市,新店區,大豐里,"30"
新北市,新店區,和平里,"30"
新北市,新店區,大同里,"30"
新北市,新店區,江陵里,"30"
新北市,新店區,寶安里,"30"
新北市,新店區,寶興里,"30"
新北市,新店區,中山里,"30"
新北市,新店區,寶福里,"30"
新北市,新店區,信義里,"30"
新北市,新店區,福民里,"29"
新北市,新店區,太平里,"29"
新北市,新店區,文中里,"29"
新北市,新店區,張南里,"29"
新北市,新店區,廣明里,"29"
新北市,新店區,文明里,"29"
新北市,新店區,美潭里,"29"
新北市,新店區,中興里,"29"
新北市,新店區,新生里,"29"
新北市,新店區,下城里,"29"
新北市,新店區,長春里,"29"
新北市,新店區,頂城里,"29"
新北市,新店區,新德里,"29"
新北市,新店區,五峯里,"29"
新北市,新店區,中華里,"29"
新北市,新店區,百福里,"29"
新北市,新店區,中正里,"29"
新北市,新店區,仁愛里,"29"
新北市,新店區,張北里,"29"
新北市,新店區,中央里,"29"
新北市,新店區,安和里,"29"
新北市,新店區,寶福里,"29"
新北市,石碇區,彭山里,"28"
新北市,石碇區,烏塗里,"28"
新北市,貢寮區,,"28"
新北市,烏來區,忠治里,"28"
新北市,新店區,龜山里,"28"
新北市,新店區,廣興里,"28"
新北市,坪林區,石[曹]里,"28"
新北市,坪林區,大林里,"28"
新北市,新店區,屈尺里,"28"
新北市,新店區,華城里,"28"
新北市,新店區,粗坑里,"28"
新北市,三峽區,安坑里,"28"
新北市,坪林區,水德里,"28"
新北市,坪林區,坪林里,"28"
新北市,新店區,美城里,"28"
新北市,新店區,直潭里,"28"
新北市,新店區,塗潭里,"28"
新北市,石碇區,永安里,"28"
新北市,坪林區,粗窟里,"28"
新北市,新店區,青潭里,"28"
新北市,新店區,國校里,"28"
新北市,新店區,新店里,"28"
新北市,新店區,太平里,"28"
新北市,新店區,文中里,"28"
新北市,新店區,張南里,"28"
新北市,新店區,廣明里,"28"
新北市,新店區,雙坑里,"28"
新北市,新店區,雙城里,"28"
新北市,新店區,美潭里,"28"
新北市,新店區,員潭里,"28"
新北市,新店區,中興里,"28"
新北市,新店區,下城里,"28"
新北市,新店區,長春里,"28"
新北市,坪林區,上德里,"28"
新北市,石碇區,格頭里,"28"
新北市,坪林區,漁光里,"28"
新北市,新店區,寶福里,"28"
新北市,石碇區,石碇里,"28"
新北市,雙溪區,泰平里,"28"
新北市,石碇區,潭邊里,"28"
新北市,石碇區,豐田里,"28"
新北市,石碇區,豐林里,"28"
新北市,貢寮區,吉林里,"28"
新北市,貢寮區,龍崗里,"28"
新北市,石碇區,永定里,"28"
新北市,石碇區,中民里,"28"
新北市,平溪區,東勢里,"28"
新北市,石碇區,隆盛里,"28"
新北市,貢寮區,福隆里,"28"
新北市,深坑區,土庫里,"28"
新北市,貢寮區,福連里,"28"
新北市,貢寮區,雙玉里,"28"
新北市,貢寮區,龍門里,"28"
新北市,石碇區,光明里,"28"
新北市,汐止區,東勢里,"28"
新北市,汐止區,白雲里,"28"
新北市,汐止區,秀山里,"28"
新北市,汐止區,東山里,"28"
新北市,汐止區,茄苳里,"28"
新北市,汐止區,崇德里,"28"
新北市,汐止區,保安里,"28"
新北市,汐止區,保新里,"28"
新北市,汐止區,保長里,"28"
臺北市,文山區,樟新里,"28"
臺北市,文山區,老泉里,"28"
臺北市,文山區,樟腳里,"28"
臺北市,文山區,樟文里,"28"
臺北市,文山區,樟樹里,"28"
臺北市,文山區,順興里,"28"
臺北市,文山區,樟林里,"28"
臺北市,南港區,舊莊里,"28"
新北市,土城區,員信里,"21"
新北市,土城區,埤塘里,"21"
新北市,土城區,員仁里,"21"
新北市,土城區,日新里,"21"
新北市,土城區,永寧里,"21"
新北市,土城區,土城里,"21"
新北市,土城區,沛陂里,"21"
新北市,土城區,大安里,"21"
新北市,土城區,長風里,"21"
新北市,土城區,員福里,"21"
新北市,土城區,日和里,"21"
新北市,板橋區,溪福里,"21"
新北市,板橋區,溪洲里,"21"
新北市,板橋區,堂春里,"21"
新北市,板橋區,溪北里,"21"
新北市,土城區,裕生里,"21"
新北市,樹林區,保安里,"21"
新北市,板橋區,福安里,"21"
新北市,板橋區,崑崙里,"21"
新北市,板橋區,成和里,"21"
新北市,新莊區,西盛里,"21"
新北市,土城區,員信里,"16"
新北市,土城區,埤塘里,"16"
新北市,土城區,土城里,"16"
新北市,土城區,長風里,"16"
新北市,土城區,員林里,"16"
新北市,土城區,員福里,"16"
新北市,土城區,柑林里,"16"
新北市,土城區,學士里,"16"
新北市,土城區,明德里,"16"
新北市,土城區,學府里,"16"
新北市,土城區,日和里,"16"
新北市,土城區,埤塘里,"17"
新北市,土城區,清和里,"17"
新北市,土城區,清化里,"17"
新北市,土城區,青山里,"17"
新北市,土城區,清水里,"17"
新北市,土城區,柑林里,"17"
新北市,土城區,學士里,"17"
新北市,土城區,永豐里,"17"
新北市,土城區,永富里,"17"
新北市,土城區,中正里,"17"
新北市,土城區,清溪里,"17"
新北市,土城區,青雲里,"17"
新北市,土城區,埤塘里,"23"
新北市,土城區,員仁里,"23"
新北市,土城區,永寧里,"23"
新北市,土城區,沛陂里,"23"
新北市,土城區,大安里,"23"
新北市,土城區,埤塘里,"20"
新北市,土城區,清化里,"20"
新北市,土城區,大安里,"20"
新北市,土城區,永寧里,"25"
新北市,土城區,大安里,"25"
新北市,土城區,埤塘里,"24"
新北市,新店區,日興里,"24"
新北市,新店區,香坡里,"24"
新北市,土城區,永寧里,"24"
新北市,土城區,清化里,"24"
新北市,土城區,大安里,"24"
新北市,土城區,清和里,"21"
新北市,土城區,清化里,"21"
新北市,土城區,青山里,"21"
新北市,土城區,廷寮里,"21"
新北市,土城區,永富里,"21"
新北市,土城區,金城里,"21"
新北市,土城區,峯廷里,"21"
新北市,土城區,延和里,"21"
新北市,土城區,安和里,"21"
新北市,土城區,延吉里,"21"
新北市,土城區,延祿里,"21"
新北市,中和區,灰[磘]里,"21"
新北市,土城區,平和里,"21"
新北市,土城區,延壽里,"21"
新北市,板橋區,五權里,"21"
新北市,中和區,嘉慶里,"21"
新北市,中和區,壽德里,"21"
新北市,中和區,明德里,"21"
新北市,中和區,嘉穗里,"21"
新北市,中和區,明穗里,"21"
新北市,中和區,清穗里,"21"
新北市,中和區,崇南里,"24"
新北市,中和區,忠孝里,"24"
新北市,中和區,錦和里,"24"
新北市,中和區,東南里,"24"
新北市,中和區,頂南里,"24"
新北市,中和區,橫路里,"24"
新北市,中和區,華南里,"24"
新北市,中和區,正南里,"24"
新北市,新店區,永平里,"24"
新北市,中和區,內南里,"24"
新北市,中和區,福南里,"24"
新北市,中和區,景南里,"24"
新北市,中和區,外南里,"24"
新北市,中和區,壽南里,"24"
新北市,中和區,錦昌里,"24"
新北市,中和區,景本里,"24"
新北市,中和區,興南里,"24"
新北市,中和區,錦盛里,"24"
新北市,中和區,吉興里,"24"
新北市,中和區,秀士里,"24"
新北市,中和區,復興里,"24"
新北市,中和區,景新里,"24"
新北市,中和區,中興里,"24"
新北市,中和區,景福里,"24"
新北市,中和區,德行里,"24"
新北市,中和區,錦中里,"24"
新北市,中和區,秀明里,"24"
新北市,中和區,景平里,"24"
新北市,中和區,和興里,"24"
新北市,中和區,中山里,"24"
新北市,中和區,正行里,"24"
新北市,中和區,建和里,"24"
新北市,中和區,安順里,"24"
新北市,永和區,智光里,"24"
新北市,中和區,景安里,"24"
新北市,中和區,安和里,"24"
新北市,中和區,新南里,"24"
新北市,中和區,南山里,"24"
新北市,中和區,景文里,"24"
新北市,中和區,力行里,"24"
新北市,永和區,潭安里,"24"
新北市,中和區,碧河里,"24"
新北市,中和區,崇南里,"25"
新北市,新店區,永平里,"25"
新北市,新店區,永安里,"25"
新北市,新店區,中山里,"25"
新北市,新店區,新和里,"25"
新北市,中和區,景南里,"25"
新北市,中和區,秀峰里,"25"
新北市,中和區,秀士里,"25"
新北市,中和區,秀水里,"25"
新北市,中和區,秀成里,"25"
新北市,中和區,秀明里,"25"
新北市,中和區,秀景里,"25"
新北市,中和區,秀義里,"25"
新北市,中和區,秀仁里,"25"
新北市,中和區,秀山里,"25"
新北市,永和區,智光里,"25"
新北市,中和區,秀福里,"25"
新北市,永和區,民族里,"25"
新北市,土城區,廣福里,"18"
新北市,土城區,埤林里,"18"
新北市,土城區,柑林里,"18"
新北市,土城區,學士里,"18"
新北市,土城區,永豐里,"18"
新北市,土城區,永富里,"18"
新北市,土城區,學府里,"18"
新北市,土城區,中正里,"18"
新北市,土城區,金城里,"18"
新北市,土城區,延和里,"18"
新北市,土城區,清溪里,"18"
新北市,土城區,青雲里,"18"
新北市,土城區,廣興里,"18"
新北市,土城區,安和里,"18"
新北市,土城區,復興里,"18"
新北市,板橋區,廣福里,"18"
新北市,板橋區,和平里,"18"
新北市,板橋區,華德里,"18"
新北市,板橋區,五權里,"18"
新北市,土城區,瑞興里,"18"
新北市,板橋區,信義里,"18"
新北市,中和區,壽德里,"18"
新北市,板橋區,重慶里,"18"
新北市,板橋區,華東里,"18"
新北市,石碇區,烏塗里,"27"
臺北市,文山區,政大里,"27"
新北市,深坑區,埔新里,"27"
新北市,新店區,雙坑里,"27"
新北市,新店區,美潭里,"27"
新北市,新店區,員潭里,"27"
新北市,石碇區,格頭里,"27"
新北市,深坑區,阿柔里,"27"
新北市,石碇區,潭邊里,"27"
新北市,深坑區,深坑里,"27"
新北市,深坑區,昇高里,"27"
新北市,石碇區,豐林里,"27"
新北市,深坑區,賴仲里,"27"
新北市,深坑區,萬福里,"27"
新北市,石碇區,隆盛里,"27"
新北市,深坑區,土庫里,"27"
新北市,汐止區,東勢里,"27"
新北市,汐止區,橫科里,"27"
新北市,汐止區,白雲里,"27"
臺北市,文山區,老泉里,"27"
臺北市,文山區,樟腳里,"27"
臺北市,文山區,順興里,"27"
臺北市,文山區,指南里,"27"
臺北市,文山區,木新里,"27"
臺北市,文山區,萬興里,"27"
臺北市,南港區,舊莊里,"27"
新北市,中和區,忠孝里,"26"
新北市,中和區,東南里,"26"
新北市,新店區,安昌里,"26"
新北市,新店區,公崙里,"26"
新北市,新店區,德安里,"26"
新北市,新店區,柴埕里,"26"
新北市,新店區,安和里,"26"
新北市,中和區,華新里,"26"
新北市,中和區,頂南里,"26"
新北市,中和區,華南里,"26"
新北市,中和區,正南里,"26"
新北市,新店區,永平里,"26"
新北市,中和區,內南里,"26"
新北市,新店區,復興里,"27"
臺北市,文山區,景慶里,"27"
臺北市,文山區,景仁里,"27"
新北市,新店區,中山里,"27"
新北市,新店區,忠孝里,"27"
新北市,新店區,大鵬里,"27"
新北市,中和區,秀景里,"27"
臺北市,文山區,景行里,"27"
臺北市,文山區,景美里,"27"
新北市,新店區,復興里,"28"
臺北市,文山區,景東里,"28"
臺北市,文山區,景慶里,"28"
臺北市,文山區,景華里,"28"
臺北市,文山區,興福里,"28"
臺北市,文山區,景仁里,"28"
臺北市,文山區,興得里,"28"
臺北市,文山區,興安里,"28"
新北市,新店區,寶安里,"28"
新北市,新店區,寶興里,"28"
新北市,新店區,寶福里,"28"
新北市,新店區,信義里,"28"
新北市,新店區,忠孝里,"28"
臺北市,文山區,試院里,"28"
臺北市,文山區,景行里,"28"
臺北市,文山區,華興里,"28"
臺北市,文山區,景美里,"28"
新北市,土城區,日新里,"17"
新北市,土城區,埤林里,"17"
新北市,土城區,學士里,"17"
新北市,土城區,明德里,"17"
新北市,土城區,學府里,"17"
新北市,土城區,日和里,"17"
新北市,土城區,樂利里,"17"
新北市,土城區,學成里,"17"
新北市,土城區,裕生里,"17"
新北市,土城區,貨饒里,"17"
新北市,土城區,復興里,"17"
新北市,板橋區,華德里,"17"
新北市,板橋區,福安里,"17"
新北市,板橋區,華東里,"17"
新北市,樹林區,育英里,"26"
新北市,樹林區,大同里,"26"
新北市,樹林區,東陽里,"26"
新北市,樹林區,東昇里,"26"
新北市,樹林區,和平里,"26"
新北市,板橋區,溪福里,"26"
新北市,樹林區,樹南里,"26"
新北市,板橋區,溪洲里,"26"
新北市,樹林區,樹人里,"26"
新北市,板橋區,溪北里,"26"
新北市,樹林區,樹西里,"26"
新北市,樹林區,樹東里,"26"
新北市,樹林區,樹北里,"26"
新北市,樹林區,樹興里,"26"
新北市,樹林區,樹福里,"26"
新北市,樹林區,樹德里,"26"
新北市,樹林區,保安里,"26"
新北市,板橋區,崑崙里,"26"
新北市,樹林區,潭底里,"26"
新北市,中和區,錦和里,"23"
新北市,土城區,延吉里,"23"
新北市,中和區,灰[磘]里,"23"
新北市,中和區,錦中里,"23"
新北市,中和區,仁和里,"23"
新北市,中和區,中正里,"23"
新北市,中和區,中山里,"23"
新北市,中和區,嘉慶里,"23"
新北市,中和區,建和里,"23"
新北市,中和區,嘉穗里,"23"
新北市,中和區,文元里,"23"
新北市,中和區,錦和里,"24"
新北市,新店區,香坡里,"24"
新北市,新店區,雙城里,"24"
新北市,新店區,德安里,"24"
新北市,土城區,清化里,"24"
新北市,中和區,橫路里,"24"
新北市,土城區,廷寮里,"24"
新北市,中和區,灰[磘]里,"24"
新北市,中和區,錦和里,"25"
新北市,新店區,雙城里,"25"
新北市,新店區,德安里,"25"
新北市,新店區,柴埕里,"25"
新北市,中和區,橫路里,"25"
新北市,中和區,內南里,"25"
新北市,中和區,錦昌里,"25"
新北市,五股區,福德里,"33"
新北市,泰山區,大科里,"33"
新北市,泰山區,黎明里,"33"
新北市,林口區,林口里,"33"
新北市,五股區,德音里,"33"
新北市,林口區,東林里,"33"
新北市,五股區,五龍里,"33"
新北市,泰山區,同榮里,"31"
新北市,泰山區,福泰里,"31"
新北市,新莊區,中原里,"31"
新北市,蘆洲區,延平里,"31"
新北市,新莊區,福營里,"31"
新北市,新莊區,國泰里,"31"
新北市,泰山區,貴和里,"31"
新北市,泰山區,貴賢里,"31"
新北市,新莊區,營盤里,"31"
新北市,泰山區,新明里,"31"
新北市,新莊區,丹鳳里,"31"
新北市,泰山區,貴子里,"31"
新北市,泰山區,泰友里,"31"
新北市,泰山區,明志里,"31"
新北市,泰山區,義學里,"31"
新北市,泰山區,義仁里,"31"
新北市,泰山區,全興里,"31"
新北市,泰山區,同興里,"31"
新北市,泰山區,福興里,"31"
新北市,泰山區,山腳里,"31"
新北市,新莊區,福基里,"31"
新北市,蘆洲區,永安里,"31"
新北市,蘆洲區,九芎里,"31"
新北市,蘆洲區,溪墘里,"31"
新北市,蘆洲區,樹德里,"31"
新北市,蘆洲區,中路里,"31"
新北市,泰山區,楓樹里,"31"
新北市,五股區,德泰里,"31"
新北市,五股區,貿商里,"31"
新北市,五股區,福德里,"31"
新北市,泰山區,大科里,"31"
新北市,五股區,水碓里,"31"
新北市,泰山區,黎明里,"31"
新北市,五股區,興珍里,"31"
新北市,蘆洲區,長安里,"31"
新北市,蘆洲區,中華里,"31"
新北市,蘆洲區,恆德里,"31"
新北市,蘆洲區,忠義里,"31"
新北市,蘆洲區,仁復里,"31"
新北市,蘆洲區,得勝里,"31"
新北市,蘆洲區,光明里,"31"
新北市,蘆洲區,永德里,"31"
新北市,蘆洲區,仁德里,"31"
新北市,蘆洲區,光華里,"31"
新北市,五股區,德音里,"31"
新北市,蘆洲區,永康里,"31"
新北市,蘆洲區,鷺江里,"31"
新北市,五股區,更寮里,"31"
新北市,蘆洲區,保和里,"31"
新北市,五股區,五股里,"31"
新北市,蘆洲區,中原里,"31"
新北市,蘆洲區,成功里,"31"
新北市,蘆洲區,信義里,"31"
新北市,蘆洲區,仁愛里,"31"
新北市,蘆洲區,福安里,"31"
新北市,蘆洲區,保佑里,"31"
新北市,蘆洲區,忠孝里,"31"
新北市,蘆洲區,永樂里,"31"
新北市,蘆洲區,水湳里,"31"
新北市,蘆洲區,南港里,"31"
新北市,蘆洲區,復興里,"31"
新北市,蘆洲區,正義里,"31"
新北市,蘆洲區,水河里,"31"
新北市,五股區,成功里,"31"
新北市,蘆洲區,保新里,"31"
新北市,五股區,成州里,"31"
新北市,五股區,成泰里,"31"
新北市,泰山區,同榮里,"32"
新北市,新莊區,雙鳳里,"32"
新北市,新莊區,丹鳳里,"32"
新北市,泰山區,貴子里,"32"
新北市,泰山區,明志里,"32"
新北市,泰山區,大科里,"32"
新北市,泰山區,同榮里,"30"
新北市,泰山區,福泰里,"30"
新北市,新莊區,中原里,"30"
新北市,三重區,田安里,"30"
新北市,三重區,中山里,"30"
新北市,三重區,福樂里,"30"
新北市,三重區,永清里,"30"
新北市,蘆洲區,得仁里,"30"
新北市,三重區,慈福里,"30"
新北市,三重區,溪美里,"30"
新北市,三重區,慈生里,"30"
新北市,新莊區,中和里,"30"
新北市,新莊區,立志里,"30"
新北市,新莊區,中泰里,"30"
新北市,新莊區,立泰里,"30"
新北市,新莊區,中全里,"30"
新北市,泰山區,泰友里,"30"
新北市,新莊區,中華里,"30"
新北市,新莊區,自強里,"30"
新北市,新莊區,立基里,"30"
新北市,新莊區,中宏里,"30"
新北市,新莊區,中誠里,"30"
新北市,新莊區,自信里,"30"
新北市,新莊區,中港里,"30"
新北市,新莊區,幸福里,"30"
新北市,三重區,德厚里,"30"
新北市,新莊區,中平里,"30"
新北市,新莊區,昌隆里,"30"
新北市,三重區,成功里,"30"
新北市,新莊區,中信里,"30"
新北市,三重區,福民里,"30"
新北市,三重區,福德里,"30"
新北市,新莊區,立廷里,"30"
新北市,泰山區,義學里,"30"
新北市,泰山區,義仁里,"30"
新北市,三重區,福祉里,"30"
新北市,新莊區,頭前里,"30"
新北市,三重區,谷王里,"30"
新北市,泰山區,全興里,"30"
新北市,三重區,重明里,"30"
新北市,三重區,光明里,"30"
新北市,泰山區,同興里,"30"
新北市,新莊區,昌平里,"30"
新北市,泰山區,福興里,"30"
新北市,新莊區,中隆里,"30"
新北市,三重區,過田里,"30"
新北市,三重區,光田里,"30"
新北市,三重區,光陽里,"30"
新北市,三重區,錦田里,"30"
新北市,三重區,頂崁里,"30"
新北市,三重區,三民里,"30"
新北市,三重區,重陽里,"30"
新北市,三重區,田心里,"30"
新北市,三重區,民生里,"30"
新北市,新莊區,福興里,"30"
新北市,新莊區,福基里,"30"
新北市,三重區,福田里,"30"
新北市,三重區,博愛里,"30"
新北市,三重區,二重里,"30"
新北市,三重區,田中里,"30"
新北市,蘆洲區,民和里,"30"
新北市,蘆洲區,永安里,"30"
新北市,三重區,慈愛里,"30"
新北市,蘆洲區,九芎里,"30"
新北市,蘆洲區,溪墘里,"30"
新北市,蘆洲區,樹德里,"30"
新北市,三重區,慈惠里,"30"
新北市,蘆洲區,中路里,"30"
新北市,泰山區,楓樹里,"30"
新北市,三重區,六福里,"30"
新北市,三重區,幸福里,"30"
新北市,五股區,德泰里,"30"
新北市,三重區,六合里,"30"
新北市,三重區,立德里,"30"
新北市,三重區,培德里,"30"
新北市,三重區,永煇里,"30"
新北市,三重區,大有里,"30"
新北市,三重區,永發里,"30"
新北市,三重區,厚德里,"30"
新北市,三重區,永德里,"30"
新北市,三重區,尚德里,"30"
新北市,三重區,永豐里,"30"
新北市,三重區,維德里,"30"
新北市,三重區,永吉里,"30"
新北市,三重區,永安里,"30"
新北市,三重區,永順里,"30"
新北市,五股區,興珍里,"30"
新北市,三重區,永福里,"30"
新北市,三重區,永盛里,"30"
新北市,三重區,福隆里,"30"
新北市,蘆洲區,中華里,"30"
新北市,三重區,慈祐里,"30"
新北市,蘆洲區,恆德里,"30"
新北市,蘆洲區,得勝里,"30"
新北市,三重區,仁華里,"30"
新北市,三重區,,"30"
新北市,三重區,光榮里,"34"
新北市,三重區,清和里,"34"
新北市,三重區,重新里,"34"
新北市,三重區,福星里,"34"
新北市,三重區,中山里,"34"
新北市,三重區,光正里,"34"
新北市,三重區,同安里,"34"
新北市,三重區,永春里,"34"
新北市,三重區,同慶里,"34"
新北市,三重區,大安里,"34"
新北市,三重區,仁義里,"34"
新北市,三重區,光明里,"34"
新北市,三重區,平和里,"34"
新北市,三重區,吉利里,"34"
新北市,三重區,菜寮里,"34"
新北市,三重區,忠孝里,"34"
新北市,三重區,中正里,"34"
新北市,三重區,中民里,"34"
新北市,三重區,光輝里,"34"
新北市,三重區,過田里,"34"
新北市,三重區,大同里,"34"
新北市,三重區,福利里,"34"
新北市,三重區,仁德里,"34"
新北市,三重區,永興里,"34"
新北市,三重區,正德里,"34"
新北市,三重區,錦通里,"34"
新北市,三重區,國隆里,"34"
新北市,三重區,文化里,"34"
新北市,三重區,大園里,"34"
新北市,三重區,重陽里,"34"
新北市,三重區,大德里,"34"
新北市,三重區,光華里,"34"
新北市,三重區,錦安里,"34"
新北市,三重區,開元里,"34"
新北市,三重區,正義里,"34"
新北市,三重區,中央里,"34"
新北市,三重區,民生里,"34"
新北市,三重區,正安里,"34"
新北市,三重區,長生里,"34"
新北市,三重區,長元里,"34"
新北市,三重區,自強里,"34"
新北市,三重區,雙園里,"34"
新北市,三重區,長江里,"34"
新北市,三重區,長安里,"34"
新北市,三重區,安慶里,"34"
新北市,三重區,長泰里,"34"
新北市,三重區,幸福里,"34"
新北市,三重區,福安里,"34"
新北市,三重區,,"34"
新北市,三重區,清和里,"51"
臺北市,大同區,國慶里,"51"
新北市,三重區,永興里,"51"
新北市,三重區,大德里,"51"
新北市,三重區,開元里,"51"
新北市,三重區,長元里,"51"
新北市,三重區,長江里,"51"
新北市,三重區,,"51"
臺北市,大同區,永樂里,"51"
臺北市,大同區,朝陽里,"51"
臺北市,大同區,星明里,"51"
臺北市,大同區,雙連里,"51"
臺北市,大同區,大有里,"51"
臺北市,大同區,延平里,"51"
臺北市,大同區,民權里,"51"
臺北市,大同區,南芳里,"51"
臺北市,大同區,景星里,"51"
臺北市,大同區,隆和里,"51"
臺北市,大同區,蓬萊里,"51"
臺北市,大同區,揚雅里,"51"
臺北市,大同區,國順里,"51"
新北市,汐止區,文化里,"29"
新北市,汐止區,江北里,"29"
新北市,汐止區,長安里,"29"
新北市,汐止區,橫科里,"29"
新北市,汐止區,白雲里,"29"
新北市,汐止區,樟樹里,"29"
新北市,汐止區,自強里,"29"
新北市,汐止區,秀山里,"29"
新北市,汐止區,復興里,"29"
新北市,汐止區,忠孝里,"29"
新北市,汐止區,環河里,"29"
新北市,汐止區,大同里,"29"
新北市,汐止區,福安里,"29"
新北市,汐止區,中興里,"29"
新北市,汐止區,秀峰里,"29"
新北市,汐止區,福德里,"29"
新北市,汐止區,興福里,"29"
新北市,汐止區,智慧里,"29"
新北市,汐止區,湖蓮里,"29"
新北市,汐止區,禮門里,"29"
新北市,汐止區,厚德里,"29"
新北市,汐止區,信望里,"29"
新北市,汐止區,新昌里,"29"
新北市,汐止區,茄苳里,"29"
新北市,汐止區,義民里,"29"
新北市,汐止區,康福里,"29"
新北市,汐止區,仁德里,"29"
新北市,汐止區,北山里,"29"
新北市,汐止區,城中里,"29"
新北市,汐止區,崇德里,"29"
新北市,汐止區,北峰里,"29"
新北市,汐止區,金龍里,"29"
新北市,汐止區,山光里,"29"
新北市,汐止區,保安里,"29"
新北市,汐止區,橋東里,"29"
新北市,汐止區,建成里,"29"
新北市,汐止區,忠山里,"29"
新北市,汐止區,湖光里,"29"
新北市,汐止區,保長里,"29"
新北市,汐止區,鄉長里,"29"
新北市,汐止區,湖興里,"29"
新北市,汐止區,拱北里,"29"
新北市,汐止區,八連里,"29"
新北市,汐止區,長青里,"29"
新北市,汐止區,烘內里,"29"
臺北市,內湖區,大湖里,"29"
臺北市,內湖區,金瑞里,"29"
臺北市,內湖區,內溝里,"29"
臺北市,內湖區,碧山里,"29"
臺北市,士林區,溪山里,"29"
新北市,汐止區,文化里,"28"
新北市,汐止區,東勢里,"28"
新北市,汐止區,橫科里,"28"
新北市,汐止區,白雲里,"28"
新北市,汐止區,樟樹里,"28"
新北市,汐止區,環河里,"28"
臺北市,中山區,朱園里,"28"
臺北市,中山區,興亞里,"28"
臺北市,中山區,正義里,"28"
臺北市,中山區,力行里,"28"
臺北市,大安區,昌隆里,"28"
臺北市,大安區,民輝里,"28"
臺北市,中山區,埤頭里,"28"
臺北市,中正區,梅花里,"28"
臺北市,中山區,朱崙里,"28"
臺北市,中山區,正守里,"28"
臺北市,中山區,復華里,"28"
臺北市,中山區,康樂里,"28"
臺北市,中山區,朱馥里,"28"
臺北市,中山區,中吉里,"28"
臺北市,中山區,中央里,"28"
臺北市,中山區,中原里,"28"
臺北市,中山區,中山里,"28"
臺北市,中山區,正義里,"31"
臺北市,中山區,正得里,"31"
臺北市,大同區,建泰里,"31"
臺北市,大同區,建功里,"31"
臺北市,大同區,建明里,"31"
臺北市,中正區,幸福里,"31"
臺北市,中正區,梅花里,"31"
臺北市,中山區,正守里,"31"
臺北市,中正區,黎明里,"31"
臺北市,中山區,康樂里,"31"
臺北市,大同區,星明里,"31"
臺北市,大同區,光能里,"31"
臺北市,中山區,民安里,"31"
臺北市,中山區,中山里,"31"
臺北市,松山區,慈祐里,"19"
臺北市,內湖區,湖元里,"19"
臺北市,信義區,四育里,"19"
臺北市,松山區,新聚里,"19"
臺北市,松山區,吉祥里,"19"
臺北市,信義區,四維里,"19"
臺北市,信義區,五全里,"19"
臺北市,信義區,六藝里,"19"
臺北市,信義區,敦厚里,"19"
臺北市,信義區,五常里,"19"
臺北市,松山區,復盛里,"19"
臺北市,信義區,新仁里,"19"
臺北市,信義區,雅祥里,"19"
臺北市,松山區,安平里,"19"
臺北市,松山區,自強里,"19"
臺北市,松山區,鵬程里,"19"
臺北市,內湖區,行善里,"19"
臺北市,松山區,新東里,"19"
臺北市,南港區,新光里,"22"
臺北市,南港區,九如里,"22"
臺北市,南港區,仁福里,"22"
臺北市,南港區,百福里,"22"
臺北市,信義區,中行里,"22"
臺北市,南港區,成福里,"22"
臺北市,南港區,中南里,"22"
臺北市,松山區,東勢里,"24"
臺北市,松山區,東光里,"24"
臺北市,松山區,新聚里,"24"
臺北市,松山區,吉祥里,"24"
臺北市,松山區,復勢里,"24"
臺北市,松山區,美仁里,"24"
臺北市,松山區,精忠里,"24"
臺北市,信義區,景新里,"24"
臺北市,信義區,景聯里,"24"
臺北市,大安區,通化里,"24"
臺北市,大安區,通安里,"24"
臺北市,大安區,義安里,"24"
臺北市,大安區,住安里,"24"
臺北市,大安區,龍圖里,"24"
臺北市,大安區,龍門里,"24"
臺北市,大安區,福住里,"24"
臺北市,大安區,永康里,"24"
臺北市,信義區,中興里,"24"
臺北市,信義區,正和里,"24"
臺北市,大安區,光信里,"24"
臺北市,大安區,敦煌里,"24"
臺北市,中正區,文祥里,"24"
臺北市,大安區,敦安里,"24"
臺北市,大安區,德安里,"24"
臺北市,大安區,仁慈里,"24"
臺北市,大安區,和安里,"24"
臺北市,大安區,民炤里,"24"
臺北市,中正區,三愛里,"24"
臺北市,信義區,西村里,"24"
臺北市,信義區,興隆里,"24"
臺北市,大安區,正聲里,"24"
臺北市,中正區,文北里,"24"
臺北市,大安區,建倫里,"24"
臺北市,大安區,仁愛里,"24"
臺北市,大安區,義村里,"24"
臺北市,中正區,幸市里,"24"
臺北市,信義區,興雅里,"24"
臺北市,大安區,車層里,"24"
臺北市,大安區,昌隆里,"24"
臺北市,大安區,誠安里,"24"
臺北市,大安區,建安里,"24"
臺北市,大安區,光武里,"24"
臺北市,大安區,華聲里,"24"
臺北市,大安區,民輝里,"24"
臺北市,中正區,幸福里,"24"
臺北市,中正區,梅花里,"24"
臺北市,松山區,敦化里,"24"
臺北市,松山區,吉仁里,"24"
臺北市,松山區,復源里,"24"
臺北市,松山區,復建里,"24"
臺北市,松山區,復盛里,"24"
臺北市,信義區,新仁里,"24"
臺北市,松山區,安平里,"24"
臺北市,松山區,中華里,"24"
臺北市,松山區,龍田里,"24"
臺北市,松山區,自強里,"24"
臺北市,松山區,東昌里,"24"
臺北市,松山區,介壽里,"24"
臺北市,大同區,玉泉里,"28"
臺北市,大同區,建功里,"28"
臺北市,中正區,光復里,"28"
臺北市,大同區,建明里,"28"
新北市,三重區,,"28"
臺北市,萬華區,西門里,"28"
臺北市,萬華區,菜園里,"28"
臺北市,萬華區,萬壽里,"28"
臺北市,中正區,黎明里,"28"
臺北市,萬華區,福星里,"28"
臺北市,大同區,永樂里,"28"
臺北市,大同區,朝陽里,"28"
臺北市,大同區,星明里,"28"
臺北市,內湖區,湖元里,"25"
臺北市,松山區,精忠里,"25"
臺北市,松山區,莊敬里,"25"
臺北市,內湖區,港墘里,"25"
臺北市,內湖區,港都里,"25"
臺北市,中山區,金泰里,"25"
臺北市,內湖區,西湖里,"25"
臺北市,內湖區,麗山里,"25"
臺北市,內湖區,西康里,"25"
臺北市,內湖區,湖元里,"24"
臺北市,內湖區,湖興里,"24"
臺北市,內湖區,瑞光里,"24"
臺北市,內湖區,瑞陽里,"24"
臺北市,內湖區,紫陽里,"24"
臺北市,內湖區,港墘里,"24"
臺北市,內湖區,港都里,"24"
臺北市,內湖區,湖濱里,"24"
臺北市,內湖區,港富里,"24"
臺北市,內湖區,湖元里,"22"
臺北市,松山區,精忠里,"22"
臺北市,松山區,自強里,"22"
臺北市,松山區,鵬程里,"22"
臺北市,內湖區,行善里,"22"
臺北市,松山區,富泰里,"22"
臺北市,松山區,富錦里,"22"
臺北市,松山區,新益里,"22"
臺北市,松山區,新東里,"22"
臺北市,松山區,莊敬里,"22"
臺北市,內湖區,樂康里,"28"
臺北市,內湖區,東湖里,"28"
臺北市,內湖區,明湖里,"28"
新北市,汐止區,橫科里,"28"
新北市,汐止區,環河里,"28"
新北市,汐止區,北山里,"28"
新北市,汐止區,北峰里,"28"
新北市,汐止區,金龍里,"28"
新北市,汐止區,忠山里,"28"
新北市,汐止區,湖興里,"28"
新北市,汐止區,八連里,"28"
新北市,汐止區,長青里,"28"
臺北市,南港區,三重里,"28"
臺北市,內湖區,五分里,"28"
臺北市,內湖區,安湖里,"28"
臺北市,內湖區,康寧里,"28"
臺北市,內湖區,安泰里,"28"
臺北市,內湖區,大湖里,"28"
臺北市,內湖區,金瑞里,"28"
臺北市,內湖區,內溝里,"28"
臺北市,內湖區,碧山里,"28"
臺北市,士林區,溪山里,"28"
臺北市,大同區,保安里,"39"
臺北市,大同區,國慶里,"39"
臺北市,大同區,至聖里,"39"
臺北市,大同區,鄰江里,"39"
新北市,三重區,長江里,"39"
新北市,三重區,長福里,"39"
新北市,三重區,錦江里,"39"
新北市,三重區,龍濱里,"39"
新北市,三重區,承德里,"39"
新北市,三重區,,"39"
臺北市,大同區,揚雅里,"39"
臺北市,大同區,國順里,"39"
臺北市,大同區,老師里,"39"
臺北市,大同區,重慶里,"39"
臺北市,士林區,富光里,"39"
臺北市,士林區,福順里,"39"
臺北市,大同區,保安里,"36"
臺北市,大同區,至聖里,"36"
臺北市,大同區,斯文里,"36"
臺北市,大同區,揚雅里,"36"
臺北市,中山區,新庄里,"36"
臺北市,中山區,圓山里,"36"
臺北市,大同區,重慶里,"36"
臺北市,士林區,明勝里,"36"
臺北市,士林區,福華里,"36"
臺北市,士林區,福順里,"36"
臺北市,士林區,承德里,"36"
臺北市,中山區,劍潭里,"36"
臺北市,文山區,木柵里,"25"
臺北市,文山區,興家里,"25"
臺北市,文山區,興得里,"25"
臺北市,文山區,興業里,"25"
臺北市,文山區,興光里,"25"
臺北市,文山區,萬芳里,"25"
臺北市,文山區,萬興里,"25"
臺北市,文山區,萬美里,"25"
臺北市,文山區,興旺里,"25"
臺北市,文山區,興泰里,"25"
臺北市,文山區,興昌里,"25"
臺北市,文山區,博嘉里,"25"
臺北市,文山區,木柵里,"27"
臺北市,文山區,興家里,"27"
臺北市,文山區,興得里,"27"
新北市,新店區,寶福里,"27"
臺北市,文山區,樟文里,"27"
臺北市,文山區,樟樹里,"27"
臺北市,文山區,順興里,"27"
臺北市,文山區,樟林里,"27"
臺北市,文山區,忠順里,"27"
臺北市,文山區,明義里,"27"
臺北市,文山區,華興里,"27"
臺北市,文山區,明興里,"27"
臺北市,文山區,木柵里,"26"
臺北市,文山區,政大里,"26"
新北市,深坑區,埔新里,"26"
新北市,深坑區,阿柔里,"26"
新北市,深坑區,萬順里,"26"
新北市,深坑區,深坑里,"26"
新北市,深坑區,昇高里,"26"
新北市,深坑區,賴仲里,"26"
新北市,深坑區,萬福里,"26"
新北市,汐止區,宜興里,"26"
新北市,汐止區,東勢里,"26"
新北市,汐止區,福山里,"26"
新北市,汐止區,橫科里,"26"
臺北市,文山區,樟腳里,"26"
臺北市,文山區,順興里,"26"
臺北市,文山區,指南里,"26"
臺北市,文山區,忠順里,"26"
臺北市,文山區,木新里,"26"
臺北市,文山區,明義里,"26"
臺北市,文山區,明興里,"26"
臺北市,文山區,萬芳里,"26"
臺北市,文山區,萬興里,"26"
臺北市,文山區,萬美里,"26"
臺北市,文山區,博嘉里,"26"
臺北市,南港區,九如里,"26"
臺北市,南港區,舊莊里,"26"
臺北市,南港區,中研里,"26"
臺北市,文山區,景東里,"24"
臺北市,文山區,景華里,"24"
臺北市,文山區,興福里,"24"
臺北市,文山區,景仁里,"24"
臺北市,文山區,興得里,"24"
臺北市,文山區,興安里,"24"
臺北市,文山區,興業里,"24"
臺北市,文山區,萬有里,"24"
臺北市,文山區,萬隆里,"24"
臺北市,文山區,興豐里,"24"
臺北市,文山區,萬祥里,"24"
臺北市,文山區,興邦里,"24"
臺北市,文山區,萬盛里,"24"
臺北市,文山區,興旺里,"24"
臺北市,文山區,興泰里,"24"
臺北市,文山區,景慶里,"22"
臺北市,文山區,景仁里,"22"
新北市,永和區,,"22"
新北市,中和區,秀景里,"22"
新北市,永和區,民本里,"22"
新北市,永和區,民富里,"22"
新北市,永和區,民樂里,"22"
新北市,永和區,秀成里,"22"
臺北市,文山區,景美里,"22"
臺北市,文山區,萬隆里,"22"
臺北市,文山區,萬祥里,"22"
臺北市,文山區,萬和里,"22"
臺北市,文山區,萬盛里,"22"
臺北市,文山區,萬年里,"22"
臺北市,中正區,光復里,"27"
臺北市,中正區,廈安里,"27"
臺北市,萬華區,頂碩里,"27"
臺北市,中正區,龍福里,"27"
臺北市,萬華區,富福里,"27"
臺北市,中正區,南門里,"27"
臺北市,中正區,愛國里,"27"
臺北市,萬華區,仁德里,"27"
臺北市,萬華區,福音里,"27"
臺北市,萬華區,新起里,"27"
臺北市,中正區,建國里,"27"
臺北市,萬華區,西門里,"27"
臺北市,萬華區,菜園里,"27"
臺北市,萬華區,萬壽里,"27"
臺北市,中正區,黎明里,"27"
臺北市,松山區,美仁里,"27"
臺北市,中山區,力行里,"27"
臺北市,松山區,精忠里,"27"
臺北市,大安區,昌隆里,"27"
臺北市,大安區,誠安里,"27"
臺北市,大安區,建安里,"27"
臺北市,大安區,光武里,"27"
臺北市,中山區,埤頭里,"27"
臺北市,松山區,中崙里,"27"
臺北市,松山區,福成里,"27"
臺北市,松山區,敦化里,"27"
臺北市,中山區,朱崙里,"27"
臺北市,松山區,中正里,"27"
臺北市,中山區,復華里,"27"
臺北市,松山區,中華里,"27"
臺北市,松山區,松基里,"27"
臺北市,中山區,龍洲里,"27"
臺北市,中山區,朱馥里,"27"
新北市,樹林區,光興里,"34"
新北市,樹林區,坡內里,"34"
新北市,樹林區,三興里,"34"
新北市,新莊區,雙鳳里,"34"
新北市,新莊區,丹鳳里,"34"
新北市,泰山區,大科里,"34"
新北市,泰山區,黎明里,"34"
新北市,林口區,林口里,"34"
新北市,樹林區,光興里,"31"
新北市,新莊區,龍福里,"31"
新北市,樹林區,[獇]寮里,"31"
新北市,樹林區,三多里,"31"
新北市,樹林區,三興里,"31"
新北市,樹林區,三福里,"31"
新北市,樹林區,三龍里,"31"
新北市,新莊區,龍鳳里,"31"
新北市,新莊區,裕民里,"31"
新北市,新莊區,合鳳里,"31"
新北市,新莊區,祥鳳里,"31"
新北市,新莊區,雙鳳里,"31"
新北市,新莊區,丹鳳里,"31"
新北市,樹林區,光興里,"30"
新北市,土城區,頂福里,"30"
新北市,土城區,頂埔里,"30"
新北市,樹林區,東園里,"30"
新北市,樹林區,北園里,"30"
新北市,土城區,沛陂里,"30"
新北市,樹林區,彭厝里,"30"
新北市,樹林區,太順里,"30"
新北市,樹林區,山佳里,"30"
新北市,樹林區,中華里,"30"
新北市,樹林區,大同里,"30"
新北市,樹林區,東陽里,"30"
新北市,樹林區,東昇里,"30"
新北市,樹林區,樹南里,"30"
新北市,樹林區,樹人里,"30"
新北市,樹林區,樹興里,"30"
新北市,樹林區,東山里,"30"
新北市,樹林區,坡內里,"30"
新北市,樹林區,潭底里,"30"
新北市,樹林區,金寮里,"30"
新北市,樹林區,[獇]寮里,"30"
新北市,永和區,和平里,"19"
新北市,永和區,豫溪里,"19"
新北市,永和區,前溪里,"19"
新北市,永和區,,"19"
新北市,永和區,保平里,"19"
新北市,永和區,永樂里,"19"
新北市,永和區,店街里,"19"
新北市,永和區,協和里,"19"
新北市,永和區,大新里,"19"
新北市,永和區,信義里,"19"
新北市,永和區,保安里,"19"
新北市,永和區,正興里,"19"
新北市,永和區,保順里,"19"
新北市,永和區,中溪里,"19"
新北市,永和區,後溪里,"19"
新北市,永和區,中興里,"19"
新北市,永和區,大同里,"19"
新北市,永和區,上溪里,"19"
新北市,永和區,仁愛里,"19"
新北市,永和區,新生里,"19"
新北市,永和區,下溪里,"19"
新北市,永和區,忠義里,"19"
新北市,永和區,文化里,"19"
新北市,永和區,頂溪里,"19"
新北市,永和區,永成里,"19"
新北市,永和區,新廍里,"19"
新北市,永和區,河堤里,"19"
臺北市,萬華區,興德里,"19"
臺北市,萬華區,日祥里,"19"
臺北市,萬華區,騰雲里,"19"
新北市,永和區,和平里,"22"
新北市,中和區,安順里,"22"
新北市,永和區,智光里,"22"
新北市,中和區,景安里,"22"
新北市,中和區,安和里,"22"
新北市,中和區,南山里,"22"
新北市,中和區,景文里,"22"
新北市,中和區,宜安里,"22"
新北市,中和區,泰安里,"22"
新北市,中和區,漳和里,"22"
新北市,中和區,安平里,"22"
新北市,永和區,潭安里,"22"
新北市,永和區,雙和里,"22"
新北市,中和區,枋寮里,"22"
新北市,中和區,安樂里,"22"
新北市,永和區,潭墘里,"22"
新北市,中和區,中安里,"22"
新北市,中和區,福和里,"22"
新北市,永和區,安和里,"22"
新北市,中和區,瓦[磘]里,"22"
新北市,永和區,永安里,"22"
新北市,永和區,水源里,"22"
新北市,永和區,保平里,"22"
新北市,永和區,永樂里,"22"
新北市,中和區,佳和里,"22"
新北市,永和區,店街里,"22"
新北市,中和區,福美里,"22"
新北市,永和區,協和里,"22"
新北市,永和區,大新里,"22"
新北市,永和區,保安里,"22"
新北市,永和區,保順里,"22"
新北市,板橋區,赤松里,"18"
新北市,板橋區,留侯里,"18"
新北市,板橋區,金華里,"18"
新北市,板橋區,國泰里,"18"
新北市,板橋區,後埔里,"18"
新北市,板橋區,新興里,"18"
新北市,板橋區,福祿里,"18"
新北市,板橋區,景星里,"18"
新北市,板橋區,民族里,"18"
新北市,板橋區,鄉雲里,"18"
新北市,板橋區,流芳里,"18"
新北市,板橋區,湳興里,"18"
新北市,板橋區,光華里,"18"
新北市,板橋區,挹秀里,"18"
新北市,板橋區,深丘里,"18"
新北市,板橋區,黃石里,"18"
新北市,板橋區,光榮里,"18"
新北市,板橋區,自強里,"18"
新北市,板橋區,福丘里,"18"
新北市,板橋區,自立里,"18"
新北市,板橋區,民安里,"18"
新北市,板橋區,民權里,"18"
新北市,板橋區,建國里,"18"
新北市,板橋區,香雅里,"18"
新北市,板橋區,漢生里,"18"
新北市,板橋區,國光里,"18"
新北市,板橋區,新民里,"18"
新北市,板橋區,社後里,"18"
新北市,板橋區,港德里,"18"
新北市,板橋區,公舘里,"18"
新北市,板橋區,港尾里,"18"
新北市,板橋區,香社里,"18"
新北市,板橋區,忠誠里,"18"
新北市,板橋區,中正里,"18"
新北市,永和區,豫溪里,"18"
新北市,永和區,竹林里,"18"
新北市,永和區,,"18"
新北市,永和區,福和里,"18"
新北市,永和區,永貞里,"18"
新北市,永和區,永福里,"18"
新北市,永和區,河濱里,"18"
新北市,永和區,大新里,"18"
新北市,永和區,光明里,"18"
新北市,永和區,福林里,"18"
新北市,永和區,正興里,"18"
新北市,永和區,永興里,"18"
新北市,永和區,後溪里,"18"
新北市,永和區,桂林里,"18"
新北市,永和區,中興里,"18"
新北市,永和區,勵行里,"18"
新北市,永和區,上溪里,"18"
新北市,永和區,上林里,"18"
新北市,永和區,復興里,"18"
新北市,永和區,光復里,"18"
新北市,永和區,頂溪里,"18"
新北市,永和區,網溪里,"18"
新北市,永和區,河堤里,"18"
臺北市,文山區,萬盛里,"18"
臺北市,文山區,萬年里,"18"
臺北市,中正區,水源里,"18"
臺北市,中正區,富水里,"18"
臺北市,中正區,文盛里,"18"
臺北市,中正區,林興里,"18"
臺北市,大安區,大學里,"18"
臺北市,大安區,學府里,"18"
臺北市,大安區,古風里,"18"
臺北市,中正區,網溪里,"18"
臺北市,中正區,河堤里,"18"
新北市,樹林區,圳安里,"28"
新北市,新莊區,成德里,"28"
新北市,新莊區,民安里,"28"
新北市,新莊區,龍安里,"28"
新北市,樹林區,金寮里,"28"
新北市,樹林區,[獇]寮里,"28"
新北市,新莊區,光華里,"28"
新北市,新莊區,光和里,"28"
新北市,樹林區,圳民里,"28"
新北市,樹林區,三多里,"28"
新北市,新莊區,光榮里,"28"
新北市,新莊區,光正里,"28"
新北市,新莊區,光明里,"28"
新北市,樹林區,圳生里,"28"
新北市,新莊區,民有里,"28"
新北市,樹林區,三龍里,"28"
新北市,新莊區,民本里,"28"
新北市,新莊區,龍鳳里,"28"
新北市,新莊區,西盛里,"28"
新北市,新莊區,四維里,"28"
新北市,新莊區,南港里,"28"
新北市,樹林區,圳安里,"26"
新北市,板橋區,歡園里,"26"
新北市,新莊區,光華里,"26"
新北市,新莊區,光榮里,"26"
新北市,新莊區,民有里,"26"
新北市,板橋區,華中里,"26"
新北市,新莊區,民本里,"26"
新北市,新莊區,西盛里,"26"
新北市,新莊區,瓊林里,"26"
新北市,樹林區,圳安里,"27"
新北市,樹林區,樹德里,"27"
新北市,樹林區,保安里,"27"
新北市,樹林區,文林里,"27"
新北市,樹林區,潭底里,"27"
新北市,樹林區,圳福里,"27"
新北市,樹林區,金寮里,"27"
新北市,樹林區,[獇]寮里,"27"
新北市,樹林區,圳民里,"27"
新北市,樹林區,圳安里,"24"
新北市,樹林區,保安里,"24"
新北市,板橋區,福安里,"24"
新北市,板橋區,崑崙里,"24"
新北市,板橋區,成和里,"24"
新北市,板橋區,龍安里,"24"
新北市,板橋區,聚安里,"24"
新北市,樹林區,圳福里,"24"
新北市,板橋區,歡園里,"24"
新北市,新莊區,西盛里,"24"
新北市,板橋區,留侯里,"21"
新北市,板橋區,浮洲里,"21"
新北市,板橋區,福安里,"21"
新北市,板橋區,龍安里,"21"
新北市,板橋區,中山里,"21"
新北市,板橋區,大安里,"21"
新北市,板橋區,華東里,"21"
新北市,板橋區,復興里,"21"
新北市,板橋區,聚安里,"21"
新北市,板橋區,新興里,"21"
新北市,板橋區,僑中里,"21"
新北市,板橋區,大觀里,"21"
新北市,板橋區,歡園里,"21"
新北市,板橋區,湳興里,"21"
新北市,板橋區,光華里,"21"
新北市,板橋區,光榮里,"21"
新北市,板橋區,自立里,"21"
新北市,板橋區,香雅里,"21"
新北市,板橋區,華中里,"21"
新北市,板橋區,香社里,"21"
新北市,新莊區,瓊林里,"21"
新北市,板橋區,中正里,"21"
新北市,中和區,員富里,"22"
新北市,板橋區,介壽里,"22"
新北市,板橋區,廣新里,"22"
新北市,板橋區,莊敬里,"22"
新北市,中和區,壽德里,"22"
新北市,中和區,明德里,"22"
新北市,中和區,嘉穗里,"22"
新北市,中和區,明穗里,"22"
新北市,中和區,民安里,"22"
新北市,中和區,清穗里,"22"
新北市,中和區,自強里,"22"
新北市,中和區,國華里,"22"
新北市,板橋區,廣德里,"22"
新北市,中和區,民享里,"22"
新北市,中和區,國光里,"22"
新北市,中和區,冠穗里,"22"
新北市,中和區,嘉新里,"22"
新北市,板橋區,福德里,"22"
新北市,中和區,民有里,"22"
新北市,中和區,民生里,"22"
新北市,中和區,積穗里,"22"
新北市,中和區,德穗里,"22"
新北市,板橋區,國泰里,"22"
新北市,中和區,瑞穗里,"22"
新北市,板橋區,福祿里,"22"
新北市,板橋區,民族里,"22"
新北市,中和區,員山里,"22"
新北市,板橋區,海山里,"22"
新北市,板橋區,東安里,"22"
新北市,板橋區,深丘里,"22"
新北市,板橋區,福壽里,"22"
新北市,板橋區,長安里,"22"
新北市,板橋區,福丘里,"22"
新北市,板橋區,民生里,"22"
新北市,板橋區,正泰里,"22"
新北市,板橋區,香丘里,"22"
新北市,板橋區,東丘里,"22"
新北市,板橋區,西安里,"22"
新北市,板橋區,九如里,"22"
新北市,板橋區,玉光里,"22"
新北市,板橋區,新民里,"22"
新北市,板橋區,光仁里,"22"
新北市,板橋區,百壽里,"22"
新北市,板橋區,雙玉里,"22"
新北市,板橋區,忠誠里,"22"
新北市,中和區,員富里,"24"
新北市,中和區,仁和里,"24"
新北市,中和區,中正里,"24"
新北市,中和區,中山里,"24"
新北市,中和區,嘉慶里,"24"
新北市,中和區,建和里,"24"
新北市,中和區,嘉穗里,"24"
新北市,中和區,文元里,"24"
新北市,中和區,民安里,"24"
新北市,中和區,信和里,"24"
新北市,中和區,嘉新里,"24"
新北市,中和區,安穗里,"24"
新北市,中和區,碧河里,"24"
新北市,中和區,平河里,"24"
新北市,中和區,積穗里,"24"
新北市,中和區,員山里,"24"
新北市,板橋區,福壽里,"24"
新北市,板橋區,居仁里,"24"
新北市,中和區,中原里,"24"
新北市,板橋區,正泰里,"24"
新北市,板橋區,長壽里,"24"
新北市,板橋區,富貴里,"24"
新北市,板橋區,九如里,"24"
新北市,板橋區,光仁里,"24"
新北市,板橋區,埔墘里,"24"
新北市,板橋區,雙玉里,"24"
新北市,板橋區,光復里,"24"
臺北市,萬華區,榮德里,"24"
臺北市,萬華區,華中里,"24"
臺北市,萬華區,銘德里,"24"
新北市,板橋區,金華里,"23"
新北市,板橋區,社後里,"23"
新北市,板橋區,港德里,"23"
新北市,板橋區,公舘里,"23"
新北市,板橋區,港尾里,"23"
新北市,板橋區,新生里,"23"
新北市,板橋區,香社里,"23"
新北市,板橋區,幸福里,"23"
新北市,板橋區,忠誠里,"23"
新北市,板橋區,新埔里,"23"
新北市,板橋區,文德里,"23"
新北市,板橋區,陽明里,"23"
新北市,板橋區,德翠里,"23"
新北市,板橋區,新翠里,"23"
新北市,板橋區,明翠里,"23"
新北市,板橋區,朝陽里,"23"
新北市,板橋區,新海里,"23"
新北市,板橋區,仁翠里,"23"
新北市,板橋區,吉翠里,"23"
新北市,板橋區,文化里,"23"
新北市,板橋區,滿翠里,"23"
新北市,板橋區,純翠里,"23"
新北市,板橋區,中正里,"23"
新北市,板橋區,宏翠里,"23"
新北市,板橋區,溪頭里,"23"
新北市,新莊區,榮和里,"23"
新北市,板橋區,介壽里,"24"
新北市,板橋區,廣新里,"24"
新北市,板橋區,莊敬里,"24"
新北市,板橋區,新民里,"24"
新北市,板橋區,光仁里,"24"
新北市,板橋區,百壽里,"24"
新北市,板橋區,埤墘里,"24"
新北市,板橋區,雙玉里,"24"
新北市,板橋區,華江里,"24"
新北市,板橋區,忠誠里,"24"
新北市,板橋區,新埔里,"24"
新北市,板橋區,永安里,"24"
新北市,板橋區,莒光里,"24"
新北市,板橋區,華翠里,"24"
新北市,板橋區,聯翠里,"24"
新北市,板橋區,明翠里,"24"
新北市,板橋區,港嘴里,"24"
新北市,板橋區,龍翠里,"24"
新北市,板橋區,忠翠里,"24"
新北市,板橋區,文化里,"24"
新北市,板橋區,文聖里,"24"
新北市,板橋區,松柏里,"24"
新北市,板橋區,松翠里,"24"
新北市,板橋區,純翠里,"24"
新北市,板橋區,江翠里,"24"
新北市,板橋區,嵐翠里,"24"
新北市,板橋區,青翠里,"24"
新北市,板橋區,文翠里,"24"
新北市,板橋區,溪頭里,"24"
新北市,板橋區,柏翠里,"24"
新北市,新莊區,成德里,"30"
新北市,新莊區,民安里,"30"
新北市,新莊區,龍安里,"30"
新北市,樹林區,三龍里,"30"
新北市,新莊區,民本里,"30"
新北市,新莊區,龍鳳里,"30"
新北市,新莊區,八德里,"30"
新北市,新莊區,民全里,"30"
新北市,新莊區,四維里,"30"
新北市,新莊區,南港里,"30"
新北市,新莊區,裕民里,"30"
新北市,新莊區,萬安里,"30"
新北市,新莊區,後港里,"30"
新北市,新莊區,建安里,"30"
新北市,新莊區,後德里,"30"
新北市,新莊區,建福里,"30"
新北市,新莊區,富國里,"30"
新北市,新莊區,富民里,"30"
新北市,新莊區,合鳳里,"30"
新北市,新莊區,福營里,"30"
新北市,新莊區,雙鳳里,"30"
新北市,泰山區,貴和里,"30"
新北市,新莊區,營盤里,"30"
新北市,新莊區,丹鳳里,"30"
臺北市,萬華區,榮德里,"25"
臺北市,萬華區,華中里,"25"
臺北市,萬華區,興德里,"25"
臺北市,萬華區,日祥里,"25"
臺北市,萬華區,銘德里,"25"
臺北市,萬華區,保德里,"25"
臺北市,萬華區,孝德里,"25"
臺北市,萬華區,壽德里,"25"
臺北市,萬華區,忠貞里,"25"
臺北市,萬華區,騰雲里,"25"
臺北市,萬華區,全德里,"25"
臺北市,萬華區,錦德里,"25"
臺北市,萬華區,忠德里,"25"
臺北市,萬華區,和德里,"25"
臺北市,萬華區,新和里,"25"
臺北市,萬華區,日善里,"25"
臺北市,萬華區,新安里,"25"
臺北市,萬華區,新忠里,"25"
臺北市,萬華區,和平里,"25"
臺北市,萬華區,雙園里,"25"
臺北市,萬華區,綠堤里,"25"
臺北市,萬華區,頂碩里,"25"
臺北市,萬華區,華江里,"25"
臺北市,萬華區,糖廍里,"25"
新北市,永和區,,"22"
臺北市,萬華區,日祥里,"22"
臺北市,萬華區,忠貞里,"22"
臺北市,萬華區,騰雲里,"22"
臺北市,萬華區,凌霄里,"22"
臺北市,中正區,螢雪里,"22"
臺北市,中正區,永昌里,"22"
臺北市,中正區,永功里,"22"
臺北市,萬華區,新和里,"22"
臺北市,萬華區,新安里,"22"
臺北市,萬華區,新忠里,"22"
臺北市,中正區,忠勤里,"22"
臺北市,中正區,龍興里,"22"
臺北市,中正區,龍光里,"22"
臺北市,中正區,廈安里,"22"
臺北市,萬華區,頂碩里,"22"
臺北市,中正區,龍福里,"22"
臺北市,中正區,南門里,"22"
新北市,永和區,,"19"
臺北市,中正區,林興里,"19"
臺北市,中正區,網溪里,"19"
臺北市,中正區,河堤里,"19"
臺北市,中正區,頂東里,"19"
臺北市,大安區,古莊里,"19"
臺北市,中正區,板溪里,"19"
臺北市,中正區,螢圃里,"19"
臺北市,中正區,螢雪里,"19"
臺北市,大安區,錦華里,"19"
臺北市,大安區,錦安里,"19"
臺北市,中正區,南福里,"19"
臺北市,中正區,龍光里,"19"
臺北市,大安區,錦泰里,"19"
臺北市,大安區,永康里,"19"
臺北市,中正區,新營里,"19"
臺北市,中正區,龍福里,"19"
臺北市,大安區,光明里,"19"
臺北市,中正區,林興里,"17"
臺北市,大安區,大學里,"17"
臺北市,大安區,學府里,"17"
臺北市,大安區,古風里,"17"
臺北市,大安區,龍淵里,"17"
臺北市,中正區,頂東里,"17"
臺北市,大安區,龍坡里,"17"
臺北市,大安區,龍泉里,"17"
臺北市,大安區,古莊里,"17"
臺北市,大安區,龍生里,"17"
臺北市,大安區,錦安里,"17"
臺北市,大安區,龍安里,"17"
臺北市,大安區,新龍里,"17"
臺北市,大安區,龍圖里,"17"
臺北市,大安區,龍門里,"17"
臺北市,大安區,福住里,"17"
臺北市,大安區,永康里,"17"
新北市,永和區,,"23"
新北市,中和區,和興里,"23"
新北市,中和區,正行里,"23"
新北市,中和區,建和里,"23"
新北市,中和區,新南里,"23"
新北市,中和區,南山里,"23"
新北市,中和區,力行里,"23"
新北市,中和區,連城里,"23"
新北市,中和區,漳和里,"23"
新北市,中和區,廟美里,"23"
新北市,中和區,枋寮里,"23"
新北市,中和區,連和里,"23"
新北市,中和區,福和里,"23"
新北市,中和區,碧河里,"23"
新北市,中和區,福真里,"23"
新北市,中和區,福善里,"23"
新北市,中和區,福祥里,"23"
新北市,中和區,佳和里,"23"
新北市,中和區,福美里,"23"
新北市,永和區,保安里,"23"
新北市,永和區,保順里,"23"
新北市,中和區,中原里,"23"
臺北市,萬華區,榮德里,"23"
臺北市,萬華區,華中里,"23"
臺北市,萬華區,興德里,"23"
臺北市,萬華區,日祥里,"23"
新北市,永和區,,"21"
新北市,中和區,秀景里,"21"
新北市,中和區,秀義里,"21"
新北市,中和區,秀仁里,"21"
新北市,中和區,秀山里,"21"
新北市,永和區,智光里,"21"
新北市,中和區,秀福里,"21"
新北市,永和區,民本里,"21"
新北市,永和區,民富里,"21"
新北市,永和區,民生里,"21"
新北市,永和區,民權里,"21"
新北市,永和區,民族里,"21"
新北市,永和區,民治里,"21"
新北市,永和區,秀得里,"21"
新北市,永和區,秀元里,"21"
新北市,永和區,潭安里,"21"
新北市,永和區,民樂里,"21"
新北市,永和區,永元里,"21"
新北市,永和區,潭墘里,"21"
新北市,永和區,秀林里,"21"
新北市,永和區,得和里,"21"
新北市,永和區,秀朗里,"21"
新北市,永和區,秀成里,"21"
新北市,永和區,永安里,"21"
新北市,永和區,秀和里,"21"
新北市,永和區,福和里,"21"
新北市,永和區,永貞里,"21"
新北市,永和區,店街里,"21"
新北市,永和區,永福里,"21"
新北市,永和區,河濱里,"21"
新北市,永和區,大新里,"21"
新北市,永和區,光明里,"21"
新北市,板橋區,浮洲里,"25"
新北市,板橋區,華中里,"25"
新北市,板橋區,香社里,"25"
新北市,新莊區,瓊林里,"25"
新北市,新莊區,豐年里,"25"
新北市,新莊區,泰豐里,"25"
新北市,板橋區,中正里,"25"
新北市,新莊區,國泰里,"25"
新北市,新莊區,海山里,"25"
新北市,新莊區,全安里,"25"
新北市,新莊區,興漢里,"25"
新北市,新莊區,榮和里,"25"
新北市,三重區,溪美里,"33"
新北市,三重區,長元里,"33"
新北市,三重區,自強里,"33"
新北市,三重區,雙園里,"33"
新北市,三重區,長江里,"33"
新北市,三重區,長安里,"33"
新北市,三重區,安慶里,"33"
新北市,三重區,長泰里,"33"
新北市,三重區,幸福里,"33"
新北市,三重區,長福里,"33"
新北市,三重區,介壽里,"33"
新北市,三重區,福安里,"33"
新北市,三重區,六合里,"33"
新北市,三重區,錦江里,"33"
新北市,三重區,三安里,"33"
新北市,三重區,信安里,"33"
新北市,三重區,立德里,"33"
新北市,三重區,奕壽里,"33"
新北市,三重區,萬壽里,"33"
新北市,三重區,秀江里,"33"
新北市,三重區,龍門里,"33"
新北市,三重區,厚德里,"33"
新北市,三重區,龍濱里,"33"
新北市,三重區,永德里,"33"
新北市,三重區,尚德里,"33"
新北市,三重區,維德里,"33"
新北市,三重區,崇德里,"33"
新北市,三重區,瑞德里,"33"
新北市,三重區,順德里,"33"
新北市,三重區,承德里,"33"
新北市,三重區,福隆里,"33"
新北市,三重區,五常里,"33"
新北市,三重區,慈祐里,"33"
新北市,三重區,五順里,"33"
新北市,三重區,仁忠里,"33"
新北市,三重區,五福里,"33"
新北市,三重區,富福里,"33"
新北市,三重區,五華里,"33"
新北市,三重區,富華里,"33"
新北市,三重區,富貴里,"33"
新北市,三重區,,"33"
新北市,蘆洲區,,"33"
臺北市,士林區,葫蘆里,"33"
臺北市,士林區,社新里,"33"
臺北市,士林區,永倫里,"33"
臺北市,北投區,洲美里,"33"
臺北市,士林區,福安里,"33"
臺北市,士林區,富洲里,"33"
新北市,三重區,慈生里,"32"
新北市,三重區,慈愛里,"32"
新北市,蘆洲區,溪墘里,"32"
新北市,三重區,慈惠里,"32"
新北市,五股區,福德里,"32"
新北市,五股區,水碓里,"32"
新北市,泰山區,黎明里,"32"
新北市,三重區,慈祐里,"32"
新北市,蘆洲區,恆德里,"32"
新北市,三重區,仁華里,"32"
新北市,三重區,慈化里,"32"
新北市,蘆洲區,仁義里,"32"
新北市,蘆洲區,仁德里,"32"
新北市,五股區,德音里,"32"
新北市,三重區,富福里,"32"
新北市,蘆洲區,鷺江里,"32"
新北市,五股區,更寮里,"32"
新北市,五股區,五股里,"32"
新北市,蘆洲區,玉清里,"32"
新北市,蘆洲區,信義里,"32"
新北市,三重區,碧華里,"32"
新北市,蘆洲區,福安里,"32"
新北市,五股區,陸一里,"32"
新北市,三重區,富貴里,"32"
新北市,五股區,五福里,"32"
新北市,蘆洲區,樓厝里,"32"
新北市,三重區,,"32"
新北市,蘆洲區,水湳里,"32"
新北市,五股區,民義里,"32"
新北市,蘆洲區,南港里,"32"
新北市,蘆洲區,復興里,"32"
新北市,蘆洲區,正義里,"32"
新北市,五股區,六福里,"32"
新北市,蘆洲區,水河里,"32"
新北市,五股區,成功里,"32"
新北市,蘆洲區,保新里,"32"
新北市,五股區,成州里,"32"
新北市,蘆洲區,,"32"
新北市,五股區,成德里,"32"
新北市,五股區,成泰里,"32"
新北市,五股區,集賢里,"32"
新北市,五股區,集福里,"32"
新北市,五股區,五龍里,"32"
新北市,五股區,觀音里,"32"
新北市,八里區,龍源里,"32"
臺北市,士林區,福安里,"32"
臺北市,士林區,富洲里,"32"
臺北市,北投區,關渡里,"32"
臺北市,北投區,八仙里,"32"
新北市,瑞芳區,上天里,"20"
新北市,瑞芳區,傑魚里,"20"
新北市,瑞芳區,碩仁里,"21"
新北市,瑞芳區,光復里,"21"
新北市,瑞芳區,爪峯里,"21"
新北市,瑞芳區,新峰里,"21"
新北市,瑞芳區,傑魚里,"21"
新北市,瑞芳區,光復里,"22"
新北市,瑞芳區,爪峯里,"22"
新北市,瑞芳區,新峰里,"22"
新北市,瑞芳區,碩仁里,"21"
新北市,平溪區,新寮里,"21"
新北市,瑞芳區,上天里,"21"
新北市,瑞芳區,傑魚里,"21"
新北市,瑞芳區,碩仁里,"22"
新北市,平溪區,新寮里,"22"
新北市,瑞芳區,光復里,"22"
新北市,瑞芳區,傑魚里,"22"
新北市,瑞芳區,碩仁里,"23"
新北市,瑞芳區,猴硐里,"23"
新北市,雙溪區,三貂里,"23"
新北市,瑞芳區,弓橋里,"23"
新北市,瑞芳區,光復里,"23"
新北市,瑞芳區,新峰里,"23"
新北市,瑞芳區,碩仁里,"23"
新北市,平溪區,南山里,"23"
新北市,平溪區,望古里,"23"
新北市,平溪區,新寮里,"23"
新北市,瑞芳區,碩仁里,"25"
新北市,平溪區,平湖里,"25"
新北市,雙溪區,上林里,"25"
新北市,雙溪區,平林里,"25"
新北市,平溪區,十分里,"25"
新北市,平溪區,嶺腳里,"25"
新北市,平溪區,南山里,"25"
新北市,平溪區,望古里,"25"
新北市,雙溪區,三港里,"25"
新北市,貢寮區,美豐里,"25"
新北市,雙溪區,牡丹里,"25"
新北市,雙溪區,三貂里,"25"
新北市,瑞芳區,銅山里,"25"
新北市,貢寮區,和美里,"25"
新北市,瑞芳區,濂新里,"25"
新北市,瑞芳區,南雅里,"25"
新北市,瑞芳區,碩仁里,"24"
新北市,雙溪區,上林里,"24"
新北市,平溪區,十分里,"24"
新北市,平溪區,南山里,"24"
新北市,平溪區,望古里,"24"
新北市,平溪區,新寮里,"24"
新北市,瑞芳區,猴硐里,"24"
新北市,雙溪區,三貂里,"24"
新北市,萬里區,,"39"
新北市,萬里區,龜吼里,"39"
新北市,萬里區,野柳里,"39"
新北市,淡水區,沙崙里,"33"
新北市,淡水區,埤島里,"33"
新北市,淡水區,忠寮里,"33"
新北市,淡水區,崁頂里,"33"
新北市,淡水區,忠山里,"33"
新北市,淡水區,大庄里,"33"
新北市,淡水區,水源里,"33"
新北市,三芝區,興華里,"33"
新北市,淡水區,義山里,"33"
新北市,三芝區,店子里,"33"
新北市,淡水區,蕃薯里,"33"
新北市,淡水區,興仁里,"33"
新北市,淡水區,沙崙里,"34"
新北市,淡水區,埤島里,"34"
新北市,淡水區,忠寮里,"34"
新北市,淡水區,崁頂里,"34"
新北市,淡水區,忠山里,"34"
新北市,林口區,東林里,"34"
新北市,林口區,湖北里,"34"
新北市,五股區,成泰里,"34"
新北市,五股區,五龍里,"34"
新北市,五股區,觀音里,"34"
新北市,八里區,長坑里,"34"
新北市,八里區,荖阡里,"34"
新北市,八里區,下罟里,"34"
新北市,淡水區,民生里,"34"
新北市,八里區,舊城里,"34"
新北市,淡水區,八勢里,"34"
新北市,淡水區,,"34"
新北市,八里區,訊塘里,"34"
新北市,淡水區,坪頂里,"34"
新北市,八里區,米倉里,"34"
新北市,八里區,頂罟里,"34"
新北市,淡水區,竿蓁里,"34"
新北市,淡水區,草東里,"34"
新北市,淡水區,鄧公里,"34"
新北市,淡水區,清文里,"34"
新北市,淡水區,幸福里,"34"
新北市,八里區,大崁里,"34"
新北市,淡水區,永吉里,"34"
新北市,淡水區,民安里,"34"
新北市,淡水區,新生里,"34"
新北市,淡水區,協元里,"34"
新北市,八里區,埤頭里,"34"
新北市,淡水區,學府里,"34"
新北市,淡水區,樹興里,"34"
新北市,淡水區,中興里,"34"
新北市,淡水區,新義里,"34"
新北市,淡水區,北新里,"34"
新北市,淡水區,文化里,"34"
新北市,淡水區,水碓里,"34"
新北市,淡水區,正德里,"34"
新北市,淡水區,新民里,"34"
新北市,淡水區,新興里,"34"
新北市,淡水區,新春里,"34"
新北市,淡水區,油車里,"34"
新北市,淡水區,北投里,"34"
新北市,淡水區,大庄里,"34"
新北市,淡水區,水源里,"34"
新北市,三芝區,興華里,"34"
臺北市,北投區,一德里,"34"
臺北市,士林區,天母里,"34"
臺北市,北投區,永和里,"34"
臺北市,北投區,林泉里,"34"
臺北市,北投區,文化里,"34"
臺北市,北投區,智仁里,"34"
臺北市,北投區,桃源里,"34"
臺北市,北投區,中心里,"34"
臺北市,北投區,中和里,"34"
臺北市,北投區,開明里,"34"
臺北市,北投區,稻香里,"34"
臺北市,士林區,陽明里,"34"
臺北市,北投區,秀山里,"34"
臺北市,北投區,湖山里,"34"
臺北市,北投區,泉源里,"34"
臺北市,北投區,大屯里,"34"
臺北市,士林區,菁山里,"34"
新北市,淡水區,樹興里,"35"
新北市,淡水區,水源里,"35"
臺北市,北投區,大屯里,"35"
新北市,萬里區,磺潭里,"34"
新北市,萬里區,野柳里,"34"
新北市,萬里區,大鵬里,"34"
新北市,萬里區,野柳里,"35"
新北市,萬里區,龜吼里,"37"
新北市,萬里區,,"37"
新北市,萬里區,,"37"
新北市,萬里區,野柳里,"37"
新北市,萬里區,磺潭里,"35"
新北市,萬里區,野柳里,"35"
新北市,萬里區,龜吼里,"37"
新北市,萬里區,野柳里,"37"
新北市,萬里區,龜吼里,"36"
新北市,萬里區,磺潭里,"36"
新北市,萬里區,雙興里,"36"
新北市,萬里區,野柳里,"36"
新北市,萬里區,龜吼里,"38"
新北市,萬里區,崁脚里,"38"
新北市,萬里區,中幅里,"38"
新北市,萬里區,雙興里,"38"
新北市,萬里區,野柳里,"38"
新北市,萬里區,龜吼里,"41"
新北市,萬里區,,"41"
新北市,萬里區,北基里,"41"
新北市,萬里區,中幅里,"41"
新北市,萬里區,萬里里,"41"
新北市,金山區,五湖里,"30"
新北市,金山區,重和里,"30"
新北市,金山區,六股里,"30"
新北市,金山區,清泉里,"30"
新北市,金山區,兩湖里,"30"
新北市,金山區,三界里,"30"
新北市,三芝區,圓山里,"30"
新北市,石門區,山溪里,"30"
新北市,石門區,乾華里,"30"
新北市,萬里區,磺潭里,"31"
新北市,金山區,五湖里,"31"
新北市,金山區,和平里,"31"
新北市,金山區,大同里,"31"
新北市,金山區,金美里,"31"
新北市,金山區,美田里,"31"
新北市,金山區,磺港里,"31"
新北市,金山區,六股里,"31"
新北市,金山區,清泉里,"31"
新北市,萬里區,磺潭里,"32"
新北市,金山區,五湖里,"32"
新北市,金山區,和平里,"32"
新北市,金山區,大同里,"32"
新北市,萬里區,大鵬里,"32"
新北市,金山區,金美里,"32"
新北市,金山區,,"32"
新北市,金山區,豐漁里,"32"
新北市,金山區,磺港里,"32"
新北市,萬里區,大鵬里,"33"
新北市,金山區,,"33"
新北市,金山區,豐漁里,"33"
新北市,萬里區,磺潭里,"33"
新北市,萬里區,崁脚里,"33"
新北市,萬里區,雙興里,"33"
新北市,萬里區,大鵬里,"33"
新北市,萬里區,崁脚里,"35"
新北市,萬里區,中幅里,"35"
新北市,萬里區,雙興里,"35"
新北市,萬里區,磺潭里,"32"
新北市,萬里區,溪底里,"32"
新北市,萬里區,崁脚里,"32"
新北市,萬里區,雙興里,"32"
新北市,金山區,五湖里,"32"
新北市,萬里區,大鵬里,"32"
新北市,萬里區,磺潭里,"31"
新北市,萬里區,溪底里,"31"
新北市,萬里區,雙興里,"31"
新北市,金山區,五湖里,"31"
新北市,金山區,重和里,"31"
臺北市,士林區,翠山里,"31"
臺北市,士林區,臨溪里,"31"
臺北市,士林區,永福里,"31"
臺北市,士林區,新安里,"31"
臺北市,士林區,公館里,"31"
臺北市,士林區,溪山里,"31"
臺北市,士林區,陽明里,"31"
臺北市,士林區,平等里,"31"
臺北市,士林區,菁山里,"31"
臺北市,內湖區,南湖里,"26"
臺北市,內湖區,明湖里,"26"
臺北市,內湖區,葫洲里,"26"
臺北市,內湖區,五分里,"26"
臺北市,內湖區,安湖里,"26"
臺北市,內湖區,寶湖里,"26"
臺北市,內湖區,康寧里,"26"
臺北市,內湖區,金湖里,"26"
臺北市,內湖區,紫雲里,"26"
臺北市,內湖區,清白里,"26"
臺北市,內湖區,秀湖里,"26"
臺北市,內湖區,安泰里,"26"
臺北市,內湖區,大湖里,"26"
臺北市,松山區,精忠里,"30"
臺北市,中山區,大佳里,"30"
臺北市,中山區,新庄里,"30"
臺北市,中山區,圓山里,"30"
臺北市,中山區,劍潭里,"30"
臺北市,松山區,精忠里,"29"
臺北市,松山區,莊敬里,"29"
臺北市,中山區,大佳里,"29"
臺北市,中山區,永安里,"29"
臺北市,中山區,成功里,"29"
臺北市,中山區,劍潭里,"29"
臺北市,中山區,大直里,"29"
臺北市,松山區,精忠里,"28"
臺北市,松山區,莊敬里,"28"
臺北市,中山區,大佳里,"28"
臺北市,中山區,永安里,"28"
臺北市,中山區,金泰里,"28"
臺北市,中山區,成功里,"28"
臺北市,內湖區,西康里,"28"
臺北市,中山區,朱馥里,"26"
臺北市,中山區,中吉里,"26"
臺北市,中山區,中央里,"26"
臺北市,中山區,中原里,"26"
臺北市,中山區,中山里,"26"
臺北市,中山區,聚盛里,"26"
臺北市,中山區,江山里,"26"
臺北市,中山區,中庄里,"26"
臺北市,中山區,江寧里,"26"
臺北市,中山區,松江里,"26"
臺北市,中山區,新生里,"26"
臺北市,中山區,聚葉里,"26"
臺北市,中山區,新福里,"26"
臺北市,中山區,恆安里,"26"
臺北市,中山區,晴光里,"26"
臺北市,中山區,行仁里,"26"
臺北市,中山區,行政里,"26"
臺北市,中山區,行孝里,"26"
臺北市,中山區,新喜里,"26"
臺北市,中山區,大佳里,"26"
臺北市,中山區,新庄里,"26"
臺北市,中山區,圓山里,"26"
臺北市,松山區,精忠里,"28"
臺北市,松山區,中華里,"28"
臺北市,松山區,松基里,"28"
臺北市,中山區,龍洲里,"28"
臺北市,中山區,朱馥里,"28"
臺北市,中山區,江山里,"28"
臺北市,松山區,民有里,"28"
臺北市,中山區,江寧里,"28"
臺北市,松山區,民福里,"28"
臺北市,中山區,下埤里,"28"
臺北市,中山區,行仁里,"28"
臺北市,中山區,大佳里,"28"
臺北市,松山區,精忠里,"26"
臺北市,松山區,中華里,"26"
臺北市,松山區,龍田里,"26"
臺北市,松山區,自強里,"26"
臺北市,松山區,東昌里,"26"
臺北市,松山區,介壽里,"26"
臺北市,松山區,富泰里,"26"
臺北市,松山區,東榮里,"26"
臺北市,松山區,三民里,"26"
臺北市,松山區,富錦里,"26"
臺北市,松山區,莊敬里,"26"
臺北市,大同區,至聖里,"32"
臺北市,大同區,星明里,"32"
臺北市,大同區,光能里,"32"
臺北市,中山區,民安里,"32"
臺北市,中山區,中山里,"32"
臺北市,中山區,聚盛里,"32"
臺北市,大同區,雙連里,"32"
臺北市,中山區,聚葉里,"32"
臺北市,大同區,民權里,"32"
臺北市,中山區,恆安里,"32"
臺北市,大同區,隆和里,"32"
臺北市,大同區,蓬萊里,"32"
臺北市,中山區,晴光里,"32"
臺北市,中山區,集英里,"32"
臺北市,大同區,斯文里,"32"
臺北市,大同區,揚雅里,"32"
臺北市,中山區,圓山里,"32"
新北市,烏來區,福山里,"30"
新北市,烏來區,信賢里,"30"
新北市,烏來區,孝義里,"30"
新北市,烏來區,烏來里,"30"
新北市,三峽區,有木里,"30"
新北市,烏來區,忠治里,"30"
新北市,新店區,廣興里,"30"
新北市,三峽區,竹崙里,"30"
新北市,三峽區,安坑里,"30"
新北市,烏來區,福山里,"32"
新北市,烏來區,信賢里,"32"
新北市,三峽區,有木里,"32"
新北市,三峽區,插角里,"32"
新北市,三峽區,竹崙里,"32"
新北市,烏來區,福山里,"31"
新北市,烏來區,信賢里,"31"
新北市,三峽區,有木里,"31"
新北市,三峽區,竹崙里,"31"
新北市,烏來區,福山里,"33"
新北市,烏來區,信賢里,"33"
新北市,三峽區,有木里,"33"
新北市,三峽區,插角里,"33"
新北市,三峽區,竹崙里,"33"
新北市,烏來區,信賢里,"29"
新北市,烏來區,孝義里,"29"
新北市,烏來區,烏來里,"29"
新北市,烏來區,忠治里,"29"
新北市,新店區,龜山里,"29"
新北市,新店區,廣興里,"29"
新北市,三峽區,竹崙里,"29"
新北市,坪林區,石[曹]里,"29"
新北市,坪林區,大林里,"29"
新北市,三峽區,安坑里,"29"
新北市,石碇區,永安里,"29"
新北市,坪林區,粗窟里,"29"
新北市,雙溪區,泰平里,"29"
新北市,三峽區,五寮里,"37"
新北市,三峽區,金圳里,"37"
新北市,三峽區,添福里,"37"
新北市,三峽區,嘉添里,"37"
新北市,三峽區,金圳里,"40"
新北市,三峽區,二鬮里,"40"
新北市,三峽區,五寮里,"39"
新北市,三峽區,金圳里,"39"
新北市,三峽區,二鬮里,"39"
新北市,三峽區,大埔里,"39"
新北市,三峽區,五寮里,"38"
新北市,三峽區,金圳里,"38"
新北市,三峽區,添福里,"38"
新北市,三峽區,五寮里,"39"
新北市,三峽區,金圳里,"39"
新北市,三峽區,五寮里,"37"
新北市,三峽區,金圳里,"37"
新北市,三峽區,五寮里,"37"
新北市,三峽區,五寮里,"38"
新北市,三峽區,金圳里,"38"
新北市,三峽區,五寮里,"35"
新北市,三峽區,插角里,"35"
新北市,三峽區,金圳里,"35"
新北市,三峽區,添福里,"35"
新北市,三峽區,嘉添里,"35"
新北市,三峽區,五寮里,"36"
新北市,三峽區,插角里,"36"
新北市,三峽區,金圳里,"36"
新北市,三峽區,有木里,"31"
新北市,三峽區,竹崙里,"31"
新北市,三峽區,有木里,"34"
新北市,三峽區,插角里,"34"
新北市,三峽區,金圳里,"34"
新北市,三峽區,嘉添里,"34"
新北市,三峽區,竹崙里,"34"
新北市,三峽區,二鬮里,"42"
新北市,三峽區,金圳里,"40"
新北市,三峽區,二鬮里,"40"
新北市,三峽區,大埔里,"40"
新北市,三峽區,金圳里,"39"
新北市,三峽區,添福里,"39"
新北市,三峽區,大埔里,"39"
新北市,三峽區,嘉添里,"36"
新北市,三峽區,竹崙里,"36"
新北市,三峽區,介壽里,"36"
新北市,三峽區,溪南里,"36"
新北市,三峽區,溪東里,"36"
新北市,三峽區,龍埔里,"36"
新北市,三峽區,溪北里,"36"
新北市,樹林區,南園里,"36"
新北市,樹林區,東園里,"36"
新北市,三峽區,添福里,"38"
新北市,三峽區,嘉添里,"38"
新北市,三峽區,中正里,"38"
新北市,三峽區,介壽里,"38"
新北市,三峽區,添福里,"42"
新北市,三峽區,二鬮里,"42"
新北市,三峽區,大埔里,"42"
新北市,三峽區,添福里,"40"
新北市,三峽區,嘉添里,"40"
新北市,三峽區,大埔里,"40"
新北市,三峽區,弘道里,"48"
新北市,三峽區,鳶山里,"48"
新北市,三峽區,二鬮里,"46"
新北市,三峽區,弘道里,"46"
新北市,三峽區,二鬮里,"44"
新北市,三峽區,大埔里,"44"
新北市,三峽區,弘道里,"44"
新北市,三峽區,二鬮里,"45"
新北市,三峽區,弘道里,"45"
新北市,三峽區,鳶山里,"45"
新北市,三峽區,二鬮里,"44"
新北市,三峽區,弘道里,"44"
新北市,三峽區,二鬮里,"43"
新北市,三峽區,弘道里,"43"
新北市,三峽區,嘉添里,"33"
新北市,三峽區,竹崙里,"33"
新北市,三峽區,溪南里,"33"
新北市,三峽區,成福里,"33"
新北市,三峽區,溪東里,"33"
新北市,三峽區,嘉添里,"41"
新北市,三峽區,大埔里,"41"
新北市,三峽區,中正里,"41"
新北市,三峽區,介壽里,"41"
新北市,三峽區,安溪里,"41"
新北市,三峽區,大埔里,"46"
新北市,三峽區,弘道里,"46"
新北市,三峽區,八張里,"46"
新北市,三峽區,中埔里,"46"
新北市,三峽區,永舘里,"46"
新北市,三峽區,鳶山里,"46"
新北市,三峽區,大埔里,"42"
新北市,三峽區,中正里,"42"
新北市,三峽區,八張里,"42"
新北市,三峽區,介壽里,"42"
新北市,三峽區,安溪里,"42"
新北市,三峽區,中埔里,"42"
新北市,三峽區,三峽里,"42"
新北市,三峽區,秀川里,"42"
新北市,三峽區,礁溪里,"42"
新北市,三峽區,永舘里,"42"
新北市,三峽區,龍埔里,"42"
新北市,三峽區,竹崙里,"31"
新北市,三峽區,溪南里,"31"
新北市,三峽區,成福里,"31"
新北市,三峽區,溪東里,"31"
新北市,三峽區,竹崙里,"29"
新北市,三峽區,成福里,"29"
新北市,三峽區,安坑里,"29"
新北市,三峽區,竹崙里,"28"
新北市,三峽區,安坑里,"28"
新北市,新店區,華城里,"27"
新北市,新店區,達觀里,"27"
新北市,三峽區,安坑里,"27"
新北市,新店區,吉祥里,"27"
新北市,新店區,玫瑰里,"27"
新北市,新店區,美城里,"27"
新北市,新店區,明城里,"27"
新北市,新店區,直潭里,"27"
新北市,新店區,塗潭里,"27"
新北市,新店區,小城里,"27"
新北市,新店區,日興里,"27"
新北市,新店區,公崙里,"27"
新北市,新店區,雙城里,"27"
新北市,新店區,下城里,"27"
新北市,新店區,德安里,"27"
新北市,三峽區,竹崙里,"32"
新北市,三峽區,溪南里,"32"
新北市,三峽區,竹崙里,"30"
新北市,三峽區,竹崙里,"29"
新北市,三峽區,安坑里,"29"
新北市,三峽區,竹崙里,"30"
新北市,三峽區,安坑里,"30"
新北市,鶯歌區,二甲里,"54"
新北市,三峽區,鳶山里,"54"
新北市,鶯歌區,二橋里,"54"
新北市,三峽區,弘道里,"53"
新北市,鶯歌區,二甲里,"53"
新北市,三峽區,鳶山里,"53"
新北市,鶯歌區,二橋里,"53"
新北市,三峽區,弘道里,"50"
新北市,三峽區,中埔里,"50"
新北市,鶯歌區,二甲里,"50"
新北市,三峽區,鳶山里,"50"
新北市,三峽區,弘道里,"49"
新北市,三峽區,鳶山里,"49"
新北市,三峽區,介壽里,"39"
新北市,三峽區,礁溪里,"39"
新北市,三峽區,溪南里,"39"
新北市,三峽區,龍埔里,"39"
新北市,三峽區,三峽里,"44"
新北市,三峽區,秀川里,"44"
新北市,三峽區,礁溪里,"44"
新北市,三峽區,永舘里,"44"
新北市,三峽區,鳶山里,"44"
新北市,三峽區,龍埔里,"44"
新北市,三峽區,龍恩里,"44"
新北市,三峽區,龍學里,"44"
新北市,樹林區,南園里,"44"
新北市,樹林區,柑園里,"44"
新北市,樹林區,西園里,"44"
新北市,三峽區,礁溪里,"40"
新北市,三峽區,溪南里,"40"
新北市,三峽區,龍埔里,"40"
新北市,樹林區,南園里,"40"
新北市,樹林區,柑園里,"40"
新北市,樹林區,西園里,"40"
新北市,樹林區,北園里,"40"
新北市,三峽區,溪東里,"32"
新北市,三峽區,溪北里,"32"
新北市,土城區,祖田里,"32"
新北市,三峽區,成福里,"29"
新北市,三峽區,溪東里,"29"
新北市,土城區,祖田里,"29"
新北市,土城區,永寧里,"29"
新北市,三峽區,永舘里,"49"
新北市,三峽區,鳶山里,"49"
新北市,三峽區,龍恩里,"49"
新北市,鶯歌區,南靖里,"49"
新北市,樹林區,西園里,"49"
新北市,鶯歌區,二橋里,"61"
新北市,鶯歌區,尖山里,"61"
新北市,鶯歌區,二甲里,"59"
新北市,鶯歌區,二橋里,"59"
新北市,鶯歌區,尖山里,"59"
新北市,鶯歌區,二甲里,"55"
新北市,三峽區,鳶山里,"55"
新北市,鶯歌區,南靖里,"55"
新北市,鶯歌區,尖山里,"55"
新北市,三峽區,成福里,"27"
新北市,三峽區,安坑里,"27"
新北市,土城區,祖田里,"27"
新北市,土城區,永寧里,"27"
新北市,三峽區,安坑里,"26"
新北市,土城區,祖田里,"26"
新北市,新店區,日興里,"26"
新北市,新店區,雙城里,"26"
新北市,土城區,永寧里,"26"
新北市,土城區,清化里,"26"
新北市,土城區,大安里,"26"
新北市,三峽區,龍恩里,"53"
新北市,鶯歌區,南靖里,"53"
新北市,鶯歌區,東鶯里,"53"
新北市,樹林區,西園里,"53"
新北市,鶯歌區,北鶯里,"53"
新北市,鶯歌區,西鶯里,"53"
新北市,鶯歌區,建德里,"53"
新北市,三峽區,龍恩里,"46"
新北市,三峽區,龍學里,"46"
新北市,樹林區,南園里,"46"
新北市,鶯歌區,南靖里,"46"
新北市,樹林區,柑園里,"46"
新北市,樹林區,西園里,"46"
新北市,鶯歌區,建德里,"46"
新北市,新店區,吉祥里,"26"
新北市,新店區,玫瑰里,"26"
新北市,新店區,明城里,"26"
新北市,新店區,小城里,"26"
新北市,新店區,雙城里,"26"
新北市,新店區,德安里,"26"
新北市,三峽區,溪北里,"35"
新北市,樹林區,南園里,"35"
新北市,樹林區,柑園里,"35"
新北市,樹林區,東園里,"35"
新北市,樹林區,北園里,"35"
新北市,樹林區,山佳里,"35"
新北市,樹林區,樂山里,"35"
新北市,樹林區,中山里,"35"
新北市,樹林區,東山里,"35"
新北市,樹林區,坡內里,"35"
新北市,三峽區,溪北里,"31"
新北市,土城區,祖田里,"31"
新北市,土城區,頂新里,"31"
新北市,土城區,頂福里,"31"
新北市,土城區,頂埔里,"31"
新北市,樹林區,東園里,"31"
新北市,土城區,沛陂里,"31"
新北市,新店區,日興里,"25"
新北市,新店區,香坡里,"25"
新北市,新店區,雙城里,"25"
新北市,鶯歌區,同慶里,"68"
新北市,鶯歌區,尖山里,"68"
新北市,鶯歌區,建國里,"68"
新北市,鶯歌區,永昌里,"68"
新北市,鶯歌區,永吉里,"68"
新北市,鶯歌區,中湖里,"68"
新北市,鶯歌區,同慶里,"61"
新北市,鶯歌區,南靖里,"61"
新北市,鶯歌區,尖山里,"61"
新北市,鶯歌區,東鶯里,"61"
新北市,鶯歌區,中鶯里,"61"
新北市,鶯歌區,建國里,"61"
新北市,鶯歌區,南鶯里,"61"
新北市,鶯歌區,永昌里,"61"
新北市,鶯歌區,北鶯里,"61"
新北市,鶯歌區,西鶯里,"61"
新北市,鶯歌區,中湖里,"61"
新北市,土城區,祖田里,"28"
新北市,土城區,頂福里,"28"
新北市,土城區,頂埔里,"28"
新北市,土城區,永寧里,"28"
新北市,鶯歌區,尖山里,"72"
新北市,鶯歌區,永吉里,"72"
新北市,土城區,頂埔里,"26"
新北市,土城區,永寧里,"26"
新北市,土城區,沛陂里,"26"
新北市,樹林區,彭厝里,"26"
新北市,樹林區,彭興里,"26"
新北市,樹林區,西園里,"41"
新北市,樹林區,北園里,"41"
新北市,鶯歌區,建德里,"41"
新北市,樹林區,樂山里,"41"
新北市,樹林區,中山里,"41"
新北市,樹林區,東山里,"41"
新北市,鶯歌區,北鶯里,"58"
新北市,鶯歌區,建德里,"58"
新北市,鶯歌區,東湖里,"58"
新北市,樹林區,西園里,"48"
新北市,鶯歌區,建德里,"48"
新北市,鶯歌區,東湖里,"48"
新北市,樹林區,樂山里,"48"
新北市,鶯歌區,永吉里,"88"
新北市,鶯歌區,鳳祥里,"88"
新北市,鶯歌區,鳳鳴里,"88"
新北市,鶯歌區,鳳福里,"88"
新北市,鶯歌區,永吉里,"81"
新北市,鶯歌區,鳳祥里,"81"
新北市,鶯歌區,鳳鳴里,"81"
新北市,鶯歌區,中湖里,"81"
新北市,鶯歌區,北鶯里,"70"
新北市,鶯歌區,西鶯里,"70"
新北市,鶯歌區,東湖里,"70"
新北市,鶯歌區,中湖里,"70"
新北市,新店區,公崙里,"28"
新北市,新店區,下城里,"28"
新北市,新店區,頂城里,"28"
新北市,新店區,柴埕里,"28"
新北市,新店區,中央里,"28"
新北市,新店區,安和里,"28"
新北市,新店區,和平里,"28"
新北市,新店區,永平里,"28"
新北市,新店區,永安里,"28"
新北市,新店區,中山里,"28"
新北市,新店區,香坡里,"23"
新北市,土城區,清化里,"23"
新北市,土城區,廷寮里,"23"
新北市,土城區,沛陂里,"25"
新北市,樹林區,彭厝里,"25"
新北市,樹林區,太順里,"25"
新北市,樹林區,彭興里,"25"
新北市,樹林區,中華里,"25"
新北市,樹林區,彭福里,"25"
新北市,樹林區,大同里,"25"
新北市,樹林區,東陽里,"25"
新北市,樹林區,和平里,"25"
新北市,板橋區,溪福里,"25"
新北市,樹林區,樹東里,"25"
新北市,鶯歌區,建德里,"50"
新北市,鶯歌區,東湖里,"50"
新北市,樹林區,樂山里,"50"
新北市,鶯歌區,東湖里,"62"
新北市,坪林區,漁光里,"27"
新北市,雙溪區,泰平里,"27"
新北市,石碇區,豐田里,"27"
新北市,貢寮區,吉林里,"27"
新北市,貢寮區,龍崗里,"27"
新北市,雙溪區,長源里,"27"
新北市,石碇區,永定里,"27"
新北市,平溪區,東勢里,"27"
新北市,平溪區,白石里,"27"
新北市,貢寮區,福隆里,"27"
新北市,貢寮區,雙玉里,"27"
新北市,雙溪區,外柑里,"27"
新北市,平溪區,薯榔里,"27"
新北市,平溪區,石底里,"27"
新北市,平溪區,菁桐里,"27"
新北市,雙溪區,共和里,"27"
新北市,平溪區,平湖里,"27"
新北市,雙溪區,魚行里,"27"
新北市,貢寮區,龍門里,"27"
新北市,貢寮區,貢寮里,"27"
新北市,石碇區,光明里,"27"
新北市,雙溪區,上林里,"27"
新北市,雙溪區,新基里,"27"
新北市,平溪區,平溪里,"27"
新北市,貢寮區,仁里里,"27"
新北市,平溪區,望古里,"27"
新北市,貢寮區,,"27"
新北市,汐止區,東山里,"27"
新北市,貢寮區,真理里,"27"
新北市,汐止區,保新里,"27"
新北市,貢寮區,美豐里,"27"
新北市,貢寮區,和美里,"27"
新北市,瑞芳區,鼻頭里,"27"
新北市,鶯歌區,鳳鳴里,"109"
新北市,鶯歌區,鳳福里,"109"
新北市,鶯歌區,鳳鳴里,"97"
新北市,鶯歌區,鳳福里,"97"
新北市,鶯歌區,大湖里,"97"
新北市,鶯歌區,中湖里,"97"
新北市,鶯歌區,東湖里,"79"
新北市,鶯歌區,中湖里,"79"
新北市,板橋區,和平里,"20"
新北市,板橋區,華德里,"20"
新北市,板橋區,五權里,"20"
新北市,土城區,瑞興里,"20"
新北市,板橋區,信義里,"20"
新北市,中和區,壽德里,"20"
新北市,中和區,明德里,"20"
新北市,板橋區,重慶里,"20"
新北市,板橋區,仁愛里,"20"
新北市,板橋區,大豐里,"20"
新北市,中和區,清穗里,"20"
新北市,板橋區,廣德里,"20"
新北市,板橋區,華貴里,"20"
新北市,板橋區,華東里,"20"
新北市,板橋區,福星里,"20"
新北市,板橋區,華興里,"20"
新北市,板橋區,福德里,"20"
新北市,板橋區,華福里,"20"
新北市,板橋區,國泰里,"20"
新北市,板橋區,後埔里,"20"
新北市,板橋區,新興里,"20"
新北市,板橋區,福祿里,"20"
新北市,板橋區,景星里,"20"
新北市,板橋區,鄉雲里,"20"
新北市,板橋區,流芳里,"20"
新北市,板橋區,湳興里,"20"
新北市,板橋區,挹秀里,"20"
新北市,板橋區,福丘里,"20"
新北市,樹林區,東山里,"40"
新北市,樹林區,三興里,"39"
新北市,板橋區,埔墘里,"26"
新北市,板橋區,雙玉里,"26"
新北市,板橋區,光復里,"26"
新北市,板橋區,永安里,"26"
新北市,板橋區,振興里,"26"
新北市,板橋區,振義里,"26"
新北市,板橋區,港嘴里,"26"
新北市,板橋區,龍翠里,"26"
新北市,板橋區,文聖里,"26"
新北市,板橋區,松柏里,"26"
新北市,板橋區,福翠里,"26"
新北市,板橋區,嵐翠里,"26"
新北市,板橋區,懷翠里,"26"
新北市,板橋區,青翠里,"26"
臺北市,萬華區,榮德里,"26"
臺北市,萬華區,銘德里,"26"
臺北市,萬華區,孝德里,"26"
臺北市,萬華區,錦德里,"26"
臺北市,萬華區,和德里,"26"
臺北市,萬華區,綠堤里,"26"
臺北市,萬華區,華江里,"26"
新北市,新莊區,民本里,"29"
新北市,新莊區,民全里,"29"
新北市,新莊區,西盛里,"29"
新北市,新莊區,後港里,"29"
新北市,新莊區,建安里,"29"
新北市,新莊區,建福里,"29"
新北市,新莊區,瓊林里,"29"
新北市,新莊區,福營里,"29"
新北市,新莊區,國泰里,"29"
新北市,新莊區,營盤里,"29"
臺北市,南港區,九如里,"24"
臺北市,南港區,百福里,"24"
臺北市,信義區,中行里,"24"
新北市,深坑區,萬福里,"25"
臺北市,文山區,博嘉里,"25"
臺北市,信義區,六合里,"25"
臺北市,南港區,九如里,"25"
新北市,雙溪區,長源里,"26"
新北市,平溪區,東勢里,"26"
新北市,雙溪區,外柑里,"26"
新北市,平溪區,石底里,"26"
新北市,平溪區,菁桐里,"26"
新北市,雙溪區,共和里,"26"
新北市,雙溪區,雙溪里,"26"
新北市,平溪區,平湖里,"26"
新北市,雙溪區,魚行里,"26"
新北市,雙溪區,上林里,"26"
新北市,雙溪區,新基里,"26"
新北市,平溪區,平溪里,"26"
新北市,雙溪區,平林里,"26"
新北市,平溪區,嶺腳里,"26"
新北市,平溪區,南山里,"26"
新北市,平溪區,望古里,"26"
新北市,汐止區,東山里,"26"
新北市,雙溪區,三港里,"26"
新北市,貢寮區,美豐里,"26"
新北市,雙溪區,牡丹里,"26"
新北市,雙溪區,三貂里,"26"
新北市,貢寮區,和美里,"26"
新北市,瑞芳區,,"26"
新北市,瑞芳區,,"26"
新北市,瑞芳區,南雅里,"26"
新北市,瑞芳區,鼻頭里,"26"
新北市,板橋區,中正里,"27"
新北市,板橋區,宏翠里,"27"
新北市,新莊區,文德里,"27"
新北市,板橋區,溪頭里,"27"
新北市,新莊區,榮和里,"27"
新北市,新莊區,立人里,"27"
新北市,新莊區,恆安里,"27"
新北市,新莊區,文明里,"27"
新北市,新莊區,中美里,"27"
新北市,新莊區,思賢里,"27"
新北市,新莊區,思源里,"27"
新北市,新莊區,中華里,"27"
新北市,新莊區,自立里,"27"
新北市,新莊區,化成里,"27"
新北市,三重區,中興里,"27"
新北市,板橋區,純翠里,"28"
新北市,板橋區,江翠里,"28"
新北市,板橋區,嵐翠里,"28"
新北市,板橋區,懷翠里,"28"
新北市,板橋區,青翠里,"28"
新北市,板橋區,文翠里,"28"
新北市,板橋區,溪頭里,"28"
新北市,板橋區,柏翠里,"28"
新北市,新莊區,文明里,"28"
新北市,新莊區,思源里,"28"
新北市,新莊區,化成里,"28"
新北市,三重區,五谷里,"28"
新北市,三重區,中興里,"28"
新北市,三重區,,"28"
臺北市,萬華區,和平里,"28"
臺北市,萬華區,雙園里,"28"
臺北市,萬華區,綠堤里,"28"
臺北市,萬華區,頂碩里,"28"
臺北市,萬華區,華江里,"28"
臺北市,萬華區,糖廍里,"28"
臺北市,萬華區,富福里,"28"
臺北市,萬華區,福音里,"28"
臺北市,萬華區,富民里,"28"
臺北市,萬華區,新起里,"28"
臺北市,萬華區,柳鄉里,"28"
臺北市,萬華區,青山里,"28"
臺北市,萬華區,西門里,"28"
臺北市,萬華區,菜園里,"28"
新北市,新莊區,泰豐里,"29"
新北市,新莊區,國泰里,"29"
新北市,新莊區,海山里,"29"
新北市,新莊區,全安里,"29"
新北市,新莊區,文衡里,"29"
新北市,新莊區,忠孝里,"29"
新北市,新莊區,全泰里,"29"
新北市,新莊區,文聖里,"29"
新北市,新莊區,興漢里,"29"
新北市,新莊區,榮和里,"29"
新北市,新莊區,立人里,"29"
新北市,新莊區,立言里,"29"
新北市,新莊區,營盤里,"29"
新北市,新莊區,立德里,"29"
新北市,新莊區,立功里,"29"
新北市,新莊區,中美里,"29"
新北市,新莊區,中和里,"29"
新北市,新莊區,立志里,"29"
新北市,新莊區,立泰里,"29"
新北市,新莊區,中華里,"29"
新北市,泰山區,義仁里,"29"
新北市,新莊區,思賢里,"29"
新北市,新莊區,思源里,"29"
新北市,新莊區,中華里,"29"
新北市,新莊區,自強里,"29"
新北市,新莊區,自立里,"29"
新北市,新莊區,自信里,"29"
新北市,新莊區,仁愛里,"29"
新北市,新莊區,仁義里,"29"
新北市,新莊區,化成里,"29"
新北市,新莊區,幸福里,"29"
新北市,三重區,五谷里,"29"
新北市,三重區,德厚里,"29"
新北市,新莊區,信義里,"29"
新北市,新莊區,昌隆里,"29"
新北市,新莊區,昌明里,"29"
新北市,新莊區,昌信里,"29"
新北市,三重區,中興里,"29"
新北市,新莊區,和平里,"29"
新北市,新莊區,頭前里,"29"
新北市,三重區,谷王里,"29"
新北市,新莊區,昌平里,"29"
新北市,三重區,頂崁里,"29"
新北市,三重區,,"29"
新北市,汐止區,福山里,"27"
新北市,汐止區,橫科里,"27"
新北市,汐止區,環河里,"27"
臺北市,南港區,中研里,"27"
臺北市,南港區,新富里,"27"
臺北市,南港區,中南里,"27"
臺北市,南港區,南港里,"27"
臺北市,南港區,三重里,"27"
新北市,林口區,西林里,"36"
新北市,林口區,麗林里,"36"
新北市,林口區,麗園里,"36"
新北市,泰山區,大科里,"36"
新北市,林口區,東勢里,"36"
新北市,林口區,仁愛里,"36"
新北市,林口區,林口里,"36"
新北市,林口區,南勢里,"36"
新北市,林口區,菁湖里,"36"
新北市,林口區,湖南里,"36"
新北市,林口區,東林里,"36"
新北市,林口區,中湖里,"36"
新北市,林口區,湖北里,"36"
新北市,林口區,頂福里,"36"
新北市,林口區,嘉寶里,"36"
新北市,林口區,瑞平里,"36"
新北市,林口區,太平里,"36"
新北市,新莊區,丹鳳里,"37"
新北市,三重區,成功里,"31"
新北市,三重區,福民里,"31"
新北市,三重區,光正里,"31"
新北市,三重區,同安里,"31"
新北市,三重區,永春里,"31"
新北市,三重區,同慶里,"31"
新北市,三重區,光明里,"31"
新北市,三重區,吉利里,"31"
新北市,三重區,,"31"
臺北市,萬華區,菜園里,"31"
臺北市,萬華區,萬壽里,"31"
臺北市,萬華區,福星里,"31"
新北市,汐止區,東山里,"25"
新北市,林口區,西林里,"35"
新北市,五股區,福德里,"35"
新北市,泰山區,大科里,"35"
新北市,泰山區,黎明里,"35"
新北市,林口區,林口里,"35"
新北市,林口區,菁湖里,"35"
新北市,林口區,湖南里,"35"
新北市,林口區,東林里,"35"
新北市,林口區,中湖里,"35"
新北市,林口區,湖北里,"35"
新北市,林口區,瑞平里,"35"
新北市,八里區,長坑里,"35"
新北市,林口區,太平里,"35"
新北市,八里區,下罟里,"35"
新北市,汐止區,保安里,"27"
新北市,汐止區,保新里,"27"
新北市,林口區,麗林里,"37"
新北市,林口區,南勢里,"37"
新北市,林口區,湖南里,"37"
新北市,林口區,頂福里,"37"
新北市,林口區,麗林里,"38"
新北市,林口區,南勢里,"38"
新北市,林口區,南勢里,"40"
新北市,林口區,頂福里,"40"
新北市,林口區,南勢里,"38"
新北市,林口區,頂福里,"38"
新北市,林口區,南勢里,"42"
新北市,林口區,南勢里,"39"
新北市,林口區,南勢里,"41"
新北市,瑞芳區,猴硐里,"24"
新北市,雙溪區,牡丹里,"24"
新北市,雙溪區,三貂里,"24"
新北市,瑞芳區,弓橋里,"24"
新北市,瑞芳區,銅山里,"24"
新北市,瑞芳區,瓜山里,"24"
新北市,瑞芳區,永慶里,"24"
新北市,瑞芳區,新山里,"24"
新北市,瑞芳區,基山里,"24"
新北市,瑞芳區,石山里,"24"
新北市,瑞芳區,濂新里,"24"
新北市,瑞芳區,南雅里,"24"
新北市,瑞芳區,濂洞里,"24"
新北市,瑞芳區,海濱里,"24"
新北市,三重區,,"35"
臺北市,大同區,重慶里,"35"
臺北市,士林區,富光里,"35"
臺北市,士林區,福華里,"35"
臺北市,士林區,福順里,"35"
臺北市,士林區,百齡里,"35"
臺北市,士林區,葫蘆里,"35"
臺北市,士林區,葫東里,"35"
臺北市,士林區,福中里,"35"
臺北市,士林區,社新里,"35"
臺北市,士林區,福德里,"35"
臺北市,士林區,社子里,"35"
臺北市,士林區,社園里,"35"
臺北市,士林區,永倫里,"35"
臺北市,士林區,後港里,"35"
臺北市,士林區,福佳里,"35"
臺北市,士林區,福林里,"35"
臺北市,士林區,舊佳里,"35"
臺北市,士林區,福志里,"35"
臺北市,士林區,德華里,"35"
臺北市,士林區,名山里,"35"
臺北市,士林區,德行里,"35"
臺北市,士林區,忠誠里,"35"
臺北市,北投區,建民里,"35"
臺北市,北投區,文林里,"35"
臺北市,北投區,石牌里,"35"
臺北市,士林區,蘭雅里,"35"
臺北市,北投區,洲美里,"35"
臺北市,士林區,蘭興里,"35"
臺北市,北投區,福興里,"35"
臺北市,北投區,吉慶里,"35"
臺北市,北投區,榮光里,"35"
臺北市,北投區,裕民里,"35"
臺北市,士林區,天祿里,"35"
臺北市,北投區,立賢里,"35"
臺北市,北投區,尊賢里,"35"
臺北市,士林區,天壽里,"35"
臺北市,北投區,吉利里,"35"
臺北市,北投區,振華里,"35"
臺北市,北投區,永明里,"35"
臺北市,北投區,榮華里,"35"
臺北市,北投區,立農里,"35"
新北市,林口區,湖南里,"37"
新北市,林口區,頂福里,"37"
新北市,林口區,嘉寶里,"37"
新北市,林口區,瑞平里,"37"
新北市,林口區,太平里,"37"
新北市,五股區,民義里,"33"
新北市,五股區,六福里,"33"
新北市,五股區,成泰里,"33"
新北市,五股區,集賢里,"33"
新北市,五股區,集福里,"33"
新北市,五股區,五龍里,"33"
新北市,五股區,觀音里,"33"
新北市,淡水區,民權里,"33"
新北市,淡水區,福德里,"33"
新北市,淡水區,竹圍里,"33"
新北市,八里區,龍源里,"33"
新北市,淡水區,民生里,"33"
新北市,淡水區,,"33"
新北市,淡水區,坪頂里,"33"
新北市,八里區,米倉里,"33"
新北市,八里區,大崁里,"33"
新北市,八里區,埤頭里,"33"
臺北市,士林區,福林里,"33"
臺北市,士林區,舊佳里,"33"
臺北市,士林區,福志里,"33"
臺北市,士林區,名山里,"33"
臺北市,士林區,忠誠里,"33"
臺北市,士林區,岩山里,"33"
臺北市,士林區,聖山里,"33"
臺北市,士林區,蘭雅里,"33"
臺北市,士林區,臨溪里,"33"
臺北市,士林區,福安里,"33"
臺北市,士林區,富洲里,"33"
臺北市,士林區,天祿里,"33"
臺北市,士林區,永福里,"33"
臺北市,士林區,三玉里,"33"
臺北市,士林區,天福里,"33"
臺北市,士林區,天壽里,"33"
臺北市,士林區,芝山里,"33"
臺北市,北投區,立農里,"33"
臺北市,士林區,天玉里,"33"
臺北市,北投區,關渡里,"33"
臺北市,士林區,天山里,"33"
臺北市,士林區,天和里,"33"
臺北市,北投區,八仙里,"33"
臺北市,北投區,永欣里,"33"
臺北市,北投區,清江里,"33"
臺北市,北投區,中央里,"33"
臺北市,士林區,東山里,"33"
臺北市,北投區,大同里,"33"
臺北市,北投區,奇岩里,"33"
臺北市,北投區,溫泉里,"33"
臺北市,北投區,長安里,"33"
臺北市,士林區,新安里,"33"
臺北市,北投區,豐年里,"33"
臺北市,北投區,中庸里,"33"
臺北市,北投區,一德里,"33"
臺北市,士林區,天母里,"33"
臺北市,北投區,永和里,"33"
臺北市,北投區,林泉里,"33"
臺北市,北投區,文化里,"33"
臺北市,北投區,智仁里,"33"
臺北市,北投區,桃源里,"33"
臺北市,北投區,中心里,"33"
臺北市,北投區,中和里,"33"
臺北市,北投區,開明里,"33"
臺北市,北投區,稻香里,"33"
臺北市,士林區,陽明里,"33"
臺北市,北投區,秀山里,"33"
臺北市,北投區,湖山里,"33"
臺北市,北投區,泉源里,"33"
新北市,瑞芳區,弓橋里,"23"
新北市,瑞芳區,福住里,"23"
新北市,瑞芳區,瓜山里,"23"
新北市,瑞芳區,永慶里,"23"
新北市,瑞芳區,柑坪里,"23"
新北市,瑞芳區,崇文里,"23"
新北市,瑞芳區,新山里,"23"
新北市,瑞芳區,頌德里,"23"
新北市,瑞芳區,基山里,"23"
新北市,瑞芳區,石山里,"23"
新北市,瑞芳區,海濱里,"23"
新北市,瑞芳區,弓橋里,"22"
新北市,瑞芳區,光復里,"22"
新北市,瑞芳區,新峰里,"22"
新北市,瑞芳區,柑坪里,"22"
新北市,瑞芳區,頌德里,"22"
新北市,瑞芳區,海濱里,"22"
新北市,瑞芳區,瑞濱里,"22"
新北市,瑞芳區,吉安里,"16"
新北市,瑞芳區,上天里,"16"
新北市,瑞芳區,傑魚里,"16"
新北市,瑞芳區,吉慶里,"16"
新北市,瑞芳區,爪峯里,"19"
新北市,瑞芳區,東和里,"19"
新北市,瑞芳區,傑魚里,"19"
新北市,瑞芳區,爪峯里,"21"
新北市,瑞芳區,新峰里,"21"
新北市,瑞芳區,柑坪里,"21"
新北市,瑞芳區,爪峯里,"20"
新北市,瑞芳區,龍興里,"20"
新北市,瑞芳區,新峰里,"20"
新北市,瑞芳區,龍潭里,"20"
新北市,瑞芳區,柑坪里,"20"
新北市,瑞芳區,龍鎮里,"20"
新北市,瑞芳區,龍山里,"20"
新北市,瑞芳區,海濱里,"20"
新北市,瑞芳區,瑞濱里,"20"
新北市,瑞芳區,,"20"
新北市,瑞芳區,深澳里,"20"
新北市,瑞芳區,爪峯里,"18"
新北市,瑞芳區,龍興里,"18"
新北市,瑞芳區,東和里,"18"
新北市,瑞芳區,龍潭里,"18"
新北市,瑞芳區,龍川里,"18"
新北市,瑞芳區,龍鎮里,"18"
新北市,瑞芳區,龍安里,"18"
新北市,瑞芳區,傑魚里,"18"
新北市,瑞芳區,龍山里,"18"
新北市,瑞芳區,瑞濱里,"18"
新北市,瑞芳區,深澳里,"18"
新北市,瑞芳區,東和里,"16"
新北市,瑞芳區,龍安里,"16"
新北市,瑞芳區,傑魚里,"16"
新北市,瑞芳區,龍山里,"16"
新北市,瑞芳區,東和里,"18"
新北市,瑞芳區,上天里,"18"
新北市,瑞芳區,傑魚里,"18"
新北市,瑞芳區,上天里,"13"
新北市,瑞芳區,吉慶里,"13"
新北市,瑞芳區,上天里,"14"
新北市,瑞芳區,傑魚里,"14"
新北市,瑞芳區,吉慶里,"14"
新北市,瑞芳區,上天里,"19"
新北市,瑞芳區,傑魚里,"19"
新北市,瑞芳區,上天里,"22"
新北市,林口區,嘉寶里,"40"
新北市,林口區,下福里,"40"
新北市,林口區,頂福里,"39"
新北市,林口區,嘉寶里,"39"
新北市,林口區,下福里,"39"
新北市,林口區,頂福里,"38"
新北市,林口區,嘉寶里,"38"
新北市,林口區,頂福里,"41"
新北市,林口區,下福里,"41"
新北市,林口區,頂福里,"40"
新北市,林口區,下福里,"40"
新北市,林口區,頂福里,"39"
新北市,林口區,嘉寶里,"39"
新北市,林口區,頂福里,"42"
新北市,林口區,下福里,"42"
新北市,瑞芳區,傑魚里,"13"
新北市,瑞芳區,吉慶里,"13"
新北市,瑞芳區,傑魚里,"15"
新北市,瑞芳區,龍山里,"15"
新北市,瑞芳區,吉慶里,"10"
新北市,林口區,嘉寶里,"39"
新北市,林口區,,"39"
新北市,林口區,下福里,"39"
新北市,林口區,嘉寶里,"38"
新北市,林口區,下福里,"38"
新北市,林口區,瑞平里,"38"
新北市,林口區,下福里,"42"
新北市,汐止區,長青里,"30"
新北市,汐止區,烘內里,"30"
新北市,萬里區,溪底里,"30"
臺北市,士林區,溪山里,"30"
臺北市,士林區,平等里,"30"
新北市,瑞芳區,海濱里,"21"
新北市,瑞芳區,瑞濱里,"21"
新北市,瑞芳區,深澳里,"21"
新北市,汐止區,烘內里,"31"
臺北市,內湖區,紫星里,"27"
臺北市,內湖區,港都里,"27"
臺北市,內湖區,清白里,"27"
臺北市,內湖區,內湖里,"27"
臺北市,內湖區,金龍里,"27"
臺北市,內湖區,秀湖里,"27"
臺北市,內湖區,湖濱里,"27"
臺北市,內湖區,港富里,"27"
臺北市,內湖區,安泰里,"27"
臺北市,內湖區,港華里,"27"
臺北市,內湖區,大湖里,"27"
臺北市,內湖區,金瑞里,"27"
臺北市,內湖區,內溝里,"27"
臺北市,內湖區,碧山里,"27"
新北市,林口區,太平里,"36"
新北市,淡水區,八勢里,"35"
新北市,淡水區,,"35"
新北市,八里區,米倉里,"35"
新北市,淡水區,竿蓁里,"35"
新北市,淡水區,草東里,"35"
新北市,淡水區,長庚里,"35"
新北市,淡水區,鄧公里,"35"
新北市,淡水區,清文里,"35"
新北市,淡水區,幸福里,"35"
新北市,淡水區,協元里,"35"
新北市,淡水區,學府里,"35"
新北市,淡水區,中興里,"35"
新北市,淡水區,新義里,"35"
新北市,淡水區,北新里,"35"
新北市,淡水區,水碓里,"35"
新北市,萬里區,雙興里,"32"
新北市,金山區,重和里,"32"
臺北市,士林區,平等里,"32"
臺北市,士林區,菁山里,"32"
新北市,萬里區,北基里,"40"
新北市,萬里區,中幅里,"40"
新北市,萬里區,萬里里,"40"
新北市,萬里區,崁脚里,"34"
新北市,萬里區,崁脚里,"36"
新北市,萬里區,中幅里,"36"
新北市,萬里區,崁脚里,"38"
新北市,萬里區,中幅里,"38"
新北市,萬里區,崁脚里,"33"
新北市,淡水區,樹興里,"36"
新北市,淡水區,水源里,"36"
臺北市,北投區,大屯里,"36"
臺北市,北投區,泉源里,"35"
臺北市,北投區,大屯里,"35"
新北市,萬里區,萬里里,"39"
新北市,萬里區,萬里里,"38"
新北市,淡水區,水源里,"36"
新北市,三芝區,興華里,"36"
新北市,三芝區,店子里,"36"
新北市,三芝區,興華里,"38"
新北市,三芝區,店子里,"38"
新北市,三芝區,圓山里,"38"
新北市,淡水區,水源里,"37"
新北市,三芝區,興華里,"37"
新北市,淡水區,水源里,"39"
新北市,三芝區,興華里,"39"
新北市,三芝區,店子里,"39"
臺北市,北投區,湖田里,"39"
新北市,淡水區,水源里,"38"
臺北市,北投區,泉源里,"38"
臺北市,北投區,大屯里,"38"
臺北市,北投區,湖田里,"38"
新北市,三芝區,興華里,"32"
新北市,淡水區,義山里,"32"
新北市,三芝區,店子里,"32"
新北市,淡水區,蕃薯里,"32"
新北市,淡水區,興仁里,"32"
新北市,淡水區,中和里,"32"
新北市,淡水區,賢孝里,"32"
新北市,淡水區,屯山里,"32"
新北市,三芝區,八賢里,"32"
新北市,三芝區,福德里,"32"
新北市,三芝區,圓山里,"32"
新北市,三芝區,錫板里,"32"
新北市,三芝區,橫山里,"32"
新北市,三芝區,興華里,"34"
新北市,三芝區,店子里,"34"
新北市,三芝區,圓山里,"34"
新北市,三芝區,店子里,"35"
新北市,三芝區,圓山里,"35"
新北市,三芝區,興華里,"40"
新北市,三芝區,店子里,"40"
臺北市,北投區,湖田里,"40"
新北市,萬里區,野柳里,"35"
新北市,萬里區,野柳里,"34"
新北市,萬里區,野柳里,"36"
新北市,三芝區,圓山里,"34"
臺北市,北投區,湖田里,"34"
新北市,三芝區,店子里,"37"
新北市,三芝區,圓山里,"37"
臺北市,北投區,湖田里,"37"
新北市,三芝區,店子里,"38"
新北市,三芝區,圓山里,"38"
臺北市,北投區,湖田里,"38"
新北市,三芝區,圓山里,"31"
新北市,石門區,山溪里,"31"
新北市,金山區,重和里,"33"
新北市,三芝區,圓山里,"33"
臺北市,北投區,湖田里,"33"
新北市,金山區,重和里,"32"
新北市,三芝區,圓山里,"32"
臺北市,北投區,湖田里,"32"
新北市,三芝區,圓山里,"35"
臺北市,士林區,菁山里,"35"
臺北市,北投區,湖田里,"35"
新北市,金山區,重和里,"33"
臺北市,士林區,平等里,"33"
臺北市,士林區,菁山里,"33"
臺北市,北投區,湖田里,"33"
臺北市,士林區,陽明里,"34"
臺北市,北投區,湖山里,"34"
臺北市,士林區,菁山里,"34"
臺北市,北投區,湖田里,"34"
新北市,金山區,美田里,"30"
新北市,金山區,磺港里,"30"
新北市,金山區,清泉里,"30"
新北市,金山區,萬壽里,"30"
新北市,金山區,西湖里,"30"
新北市,金山區,豐漁里,"31"
新北市,金山區,磺港里,"31"
新北市,金山區,清泉里,"31"
新北市,金山區,萬壽里,"31"
新北市,金山區,豐漁里,"32"
新北市,金山區,磺港里,"32"
新北市,淡水區,中和里,"31"
新北市,淡水區,賢孝里,"31"
新北市,淡水區,屯山里,"31"
新北市,三芝區,後厝里,"31"
新北市,淡水區,中和里,"30"
新北市,淡水區,屯山里,"30"
新北市,三芝區,八賢里,"30"
新北市,三芝區,福德里,"30"
新北市,三芝區,後厝里,"30"
新北市,三芝區,錫板里,"30"
新北市,金山區,六股里,"29"
新北市,金山區,清泉里,"29"
新北市,金山區,兩湖里,"29"
新北市,金山區,三界里,"29"
新北市,金山區,西湖里,"29"
新北市,石門區,乾華里,"29"
新北市,石門區,乾華里,"26"
新北市,金山區,兩湖里,"27"
新北市,金山區,三界里,"27"
新北市,金山區,西湖里,"27"
新北市,石門區,茂林里,"27"
新北市,石門區,乾華里,"27"
新北市,金山區,三界里,"28"
新北市,金山區,萬壽里,"28"
新北市,金山區,西湖里,"28"
新北市,金山區,永興里,"28"
新北市,石門區,茂林里,"28"
新北市,金山區,兩湖里,"28"
新北市,三芝區,圓山里,"28"
新北市,石門區,山溪里,"28"
新北市,石門區,乾華里,"28"
新北市,淡水區,屯山里,"30"
新北市,三芝區,後厝里,"30"
新北市,淡水區,屯山里,"29"
新北市,三芝區,後厝里,"29"
新北市,三芝區,後厝里,"28"
新北市,三芝區,錫板里,"28"
新北市,三芝區,八賢里,"26"
新北市,三芝區,福德里,"26"
新北市,三芝區,錫板里,"26"
新北市,三芝區,埔頭里,"26"
新北市,三芝區,埔坪里,"26"
新北市,三芝區,茂長里,"26"
新北市,三芝區,八賢里,"25"
新北市,三芝區,圓山里,"25"
新北市,三芝區,埔坪里,"25"
新北市,三芝區,橫山里,"25"
新北市,三芝區,茂長里,"25"
新北市,三芝區,八賢里,"29"
新北市,三芝區,福德里,"29"
新北市,三芝區,圓山里,"29"
新北市,三芝區,埔坪里,"29"
新北市,三芝區,橫山里,"29"
新北市,三芝區,茂長里,"29"
新北市,三芝區,福德里,"24"
新北市,三芝區,錫板里,"24"
新北市,三芝區,埔頭里,"24"
新北市,三芝區,埔坪里,"24"
新北市,三芝區,古庄里,"24"
新北市,三芝區,新庄里,"24"
新北市,三芝區,埔頭里,"22"
新北市,三芝區,埔坪里,"22"
新北市,三芝區,茂長里,"22"
新北市,三芝區,新庄里,"22"
新北市,三芝區,橫山里,"20"
新北市,三芝區,茂長里,"20"
新北市,三芝區,新庄里,"20"
新北市,石門區,德茂里,"20"
新北市,三芝區,福德里,"27"
新北市,三芝區,錫板里,"27"
新北市,三芝區,埔頭里,"27"
新北市,三芝區,古庄里,"27"
新北市,三芝區,圓山里,"19"
新北市,三芝區,橫山里,"19"
新北市,石門區,德茂里,"19"
新北市,石門區,老梅里,"19"
新北市,石門區,老梅里,"20"
新北市,石門區,山溪里,"20"
新北市,石門區,山溪里,"22"
新北市,石門區,石門里,"22"
新北市,石門區,乾華里,"22"
新北市,石門區,尖鹿里,"22"
新北市,三芝區,圓山里,"24"
新北市,三芝區,橫山里,"24"
新北市,石門區,老梅里,"24"
新北市,三芝區,圓山里,"25"
新北市,石門區,老梅里,"25"
新北市,石門區,山溪里,"25"
新北市,石門區,石門里,"25"
新北市,石門區,乾華里,"25"
新北市,金山區,西湖里,"27"
新北市,金山區,永興里,"27"
新北市,石門區,草里里,"27"
新北市,金山區,萬壽里,"28"
新北市,金山區,永興里,"28"
新北市,金山區,萬壽里,"29"
新北市,金山區,西湖里,"29"
新北市,金山區,永興里,"29"
新北市,石門區,草里里,"25"
新北市,石門區,茂林里,"25"
新北市,石門區,乾華里,"25"
新北市,金山區,西湖里,"26"
新北市,石門區,草里里,"26"
新北市,石門區,茂林里,"26"
新北市,三芝區,後厝里,"29"
新北市,三芝區,後厝里,"27"
新北市,三芝區,錫板里,"27"
新北市,三芝區,後厝里,"26"
新北市,三芝區,錫板里,"26"
新北市,三芝區,古庄里,"26"
新北市,三芝區,錫板里,"26"
新北市,三芝區,古庄里,"26"
新北市,三芝區,錫板里,"24"
新北市,三芝區,古庄里,"24"
新北市,三芝區,埔頭里,"21"
新北市,三芝區,古庄里,"21"
新北市,三芝區,新庄里,"21"
新北市,三芝區,埔坪里,"18"
新北市,三芝區,橫山里,"18"
新北市,三芝區,茂長里,"18"
新北市,三芝區,新庄里,"18"
新北市,三芝區,橫山里,"15"
新北市,三芝區,茂長里,"15"
新北市,三芝區,新庄里,"15"
新北市,石門區,德茂里,"15"
新北市,三芝區,橫山里,"13"
新北市,石門區,德茂里,"13"
新北市,石門區,老梅里,"13"
新北市,石門區,山溪里,"13"
新北市,石門區,富基里,"13"
新北市,金山區,永興里,"26"
新北市,石門區,草里里,"26"
新北市,金山區,永興里,"27"
新北市,三芝區,古庄里,"18"
新北市,三芝區,新庄里,"18"
新北市,三芝區,新庄里,"14"
新北市,石門區,,"14"
新北市,石門區,德茂里,"14"
新北市,三芝區,新庄里,"9"
新北市,石門區,德茂里,"9"
新北市,石門區,富基里,"9"
新北市,石門區,草里里,"21"
新北市,石門區,茂林里,"21"
新北市,石門區,乾華里,"21"
新北市,石門區,草里里,"23"
新北市,石門區,茂林里,"23"
新北市,石門區,草里里,"25"
新北市,石門區,草里里,"23"
新北市,石門區,茂林里,"23"
新北市,石門區,草里里,"25"
新北市,石門區,德茂里,"11"
新北市,石門區,老梅里,"4"
新北市,石門區,山溪里,"4"
新北市,石門區,富基里,"4"
新北市,石門區,德茂里,"7"
新北市,石門區,老梅里,"7"
新北市,石門區,山溪里,"7"
新北市,石門區,富基里,"7"
新北市,石門區,山溪里,"8"
新北市,石門區,石門里,"8"
新北市,石門區,山溪里,"10"
新北市,石門區,石門里,"10"
新北市,石門區,老梅里,"15"
新北市,石門區,山溪里,"15"
新北市,石門區,石門里,"15"
新北市,石門區,石門里,"12"
新北市,石門區,,"12"
新北市,石門區,尖鹿里,"12"
新北市,石門區,石門里,"14"
新北市,石門區,尖鹿里,"14"
新北市,石門區,山溪里,"18"
新北市,石門區,石門里,"18"
新北市,石門區,尖鹿里,"18"
新北市,石門區,茂林里,"22"
新北市,石門區,茂林里,"17"
新北市,石門區,乾華里,"17"
新北市,石門區,尖鹿里,"17"
新北市,石門區,茂林里,"20"
新北市,石門區,茂林里,"18"
新北市,石門區,乾華里,"18"
新北市,石門區,尖鹿里,"18"
新北市,石門區,茂林里,"21"
新北市,石門區,石門里,"21"
新北市,石門區,乾華里,"21"
新北市,石門區,尖鹿里,"21"
新北市,石門區,茂林里,"23"
新北市,石門區,石門里,"23"
新北市,石門區,乾華里,"23"
新北市,石門區,尖鹿里,"23"
臺北市,文山區,萬盛里,"22"
臺北市,文山區,興旺里,"22"
臺北市,大安區,黎元里,"22"
臺北市,大安區,學府里,"22"
臺北市,大安區,芳和里,"22"
臺北市,大安區,虎嘯里,"22"
臺北市,大安區,臥龍里,"22"
臺北市,大安區,龍淵里,"22"
臺北市,大安區,群英里,"22"
臺北市,大安區,群賢里,"22"
臺北市,大安區,法治里,"22"
臺北市,大安區,龍生里,"22"
臺北市,大安區,全安里,"22"
臺北市,大安區,龍陣里,"22"
臺北市,大安區,龍雲里,"22"
臺北市,大安區,新龍里,"22"
臺北市,大安區,通安里,"22"
臺北市,大安區,義安里,"22"
臺北市,大安區,住安里,"22"
臺北市,大安區,龍圖里,"22"
臺北市,大安區,龍門里,"22"
臺北市,文山區,興旺里,"24"
臺北市,文山區,興泰里,"24"
臺北市,文山區,興昌里,"24"
臺北市,文山區,博嘉里,"24"
臺北市,信義區,黎安里,"24"
臺北市,大安區,黎元里,"24"
臺北市,大安區,黎和里,"24"
臺北市,大安區,學府里,"24"
臺北市,大安區,黎孝里,"24"
臺北市,信義區,黎忠里,"24"
臺北市,信義區,泰和里,"24"
臺北市,信義區,惠安里,"24"
臺北市,信義區,六合里,"24"
臺北市,信義區,黎安里,"23"
臺北市,大安區,黎元里,"23"
臺北市,大安區,黎和里,"23"
臺北市,大安區,黎孝里,"23"
臺北市,信義區,黎忠里,"23"
臺北市,信義區,泰和里,"23"
臺北市,大安區,芳和里,"23"
臺北市,信義區,黎平里,"23"
臺北市,大安區,虎嘯里,"23"
臺北市,信義區,惠安里,"23"
臺北市,信義區,六合里,"23"
臺北市,信義區,黎順里,"23"
臺北市,信義區,雙和里,"23"
臺北市,大安區,法治里,"23"
臺北市,大安區,全安里,"23"
臺北市,信義區,景勤里,"23"
臺北市,信義區,嘉興里,"23"
臺北市,大安區,臨江里,"23"
臺北市,信義區,三張里,"23"
臺北市,信義區,景新里,"23"
臺北市,信義區,景聯里,"23"
臺北市,大安區,通化里,"23"
臺北市,大安區,通安里,"23"
臺北市,大安區,義安里,"23"
臺北市,信義區,三犁里,"23"
臺北市,信義區,中興里,"23"
臺北市,信義區,松友里,"23"
臺北市,信義區,松隆里,"23"
臺北市,南港區,九如里,"23"
臺北市,信義區,中坡里,"23"
臺北市,信義區,中行里,"23"
臺北市,大安區,錦泰里,"26"
臺北市,大安區,永康里,"26"
臺北市,中正區,新營里,"26"
臺北市,中正區,龍福里,"26"
臺北市,大安區,光明里,"26"
臺北市,中正區,文祥里,"26"
臺北市,中正區,文北里,"26"
臺北市,中正區,建國里,"26"
臺北市,中正區,東門里,"26"
臺北市,中正區,幸福里,"26"
臺北市,中正區,梅花里,"26"
臺北市,中正區,黎明里,"26"
臺北市,信義區,三張里,"21"
臺北市,信義區,景新里,"21"
臺北市,信義區,三犁里,"21"
臺北市,信義區,松友里,"21"
臺北市,信義區,西村里,"21"
臺北市,信義區,安康里,"21"
臺北市,信義區,國業里,"21"
臺北市,信義區,廣居里,"21"
臺北市,信義區,興隆里,"21"
臺北市,信義區,富台里,"21"
臺北市,信義區,長春里,"21"
臺北市,信義區,興雅里,"21"
臺北市,信義區,四維里,"21"
臺北市,信義區,五全里,"21"
臺北市,信義區,六藝里,"21"
臺北市,信義區,敦厚里,"21"
臺北市,信義區,新仁里,"21"
臺北市,信義區,松友里,"20"
臺北市,信義區,松隆里,"20"
臺北市,信義區,安康里,"20"
臺北市,信義區,國業里,"20"
臺北市,信義區,大仁里,"20"
臺北市,信義區,中坡里,"20"
臺北市,信義區,廣居里,"20"
臺北市,南港區,百福里,"20"
臺北市,信義區,中行里,"20"
臺北市,信義區,富台里,"20"
臺北市,信義區,松光里,"20"
臺北市,信義區,長春里,"20"
臺北市,信義區,大道里,"20"
臺北市,信義區,永春里,"20"
臺北市,南港區,鴻福里,"20"
臺北市,信義區,四維里,"20"
臺北市,南港區,成福里,"20"
臺北市,南港區,萬福里,"20"
臺北市,內湖區,湖興里,"25"
臺北市,內湖區,寶湖里,"25"
臺北市,內湖區,金湖里,"25"
臺北市,內湖區,紫雲里,"25"
臺北市,內湖區,紫陽里,"25"
臺北市,內湖區,紫星里,"25"
臺北市,內湖區,清白里,"25"
臺北市,內湖區,內湖里,"25"
臺北市,內湖區,湖濱里,"25"
臺北市,士林區,明勝里,"34"
臺北市,士林區,福華里,"34"
臺北市,士林區,福順里,"34"
臺北市,士林區,承德里,"34"
臺北市,士林區,百齡里,"34"
臺北市,士林區,前港里,"34"
臺北市,士林區,福中里,"34"
臺北市,士林區,義信里,"34"
臺北市,中山區,劍潭里,"34"
臺北市,士林區,仁勇里,"34"
臺北市,士林區,福德里,"34"
臺北市,士林區,後港里,"34"
臺北市,士林區,福佳里,"34"
臺北市,士林區,福林里,"34"
臺北市,中山區,永安里,"31"
臺北市,中山區,成功里,"31"
臺北市,中山區,劍潭里,"31"
臺北市,中山區,北安里,"31"
臺北市,中山區,大直里,"31"
臺北市,士林區,福林里,"31"
臺北市,士林區,臨溪里,"31"
臺北市,中山區,金泰里,"29"
臺北市,中山區,成功里,"29"
臺北市,中山區,北安里,"29"
臺北市,內湖區,西康里,"29"
臺北市,內湖區,西安里,"29"
臺北市,士林區,臨溪里,"29"
臺北市,內湖區,港墘里,"28"
臺北市,內湖區,港都里,"28"
臺北市,內湖區,西湖里,"28"
臺北市,內湖區,麗山里,"28"
臺北市,內湖區,港華里,"28"
臺北市,內湖區,西康里,"28"
臺北市,內湖區,西安里,"28"
臺北市,內湖區,金瑞里,"28"
臺北市,中山區,劍潭里,"32"
臺北市,士林區,福林里,"32"
臺北市,內湖區,港華里,"29"
臺北市,內湖區,西安里,"29"
臺北市,內湖區,金瑞里,"29"
臺北市,士林區,翠山里,"29"
臺北市,內湖區,西康里,"30"
臺北市,內湖區,西安里,"30"
臺北市,士林區,翠山里,"30"
臺北市,士林區,臨溪里,"30"
臺北市,士林區,福林里,"32"
臺北市,士林區,岩山里,"32"
臺北市,士林區,臨溪里,"32"
臺北市,士林區,永福里,"32"
臺北市,士林區,芝山里,"32"
臺北市,士林區,東山里,"32"
臺北市,士林區,新安里,"32"
臺北市,士林區,天母里,"32"
臺北市,士林區,陽明里,"32"
臺北市,內湖區,金瑞里,"30"
臺北市,士林區,翠山里,"30"
臺北市,士林區,溪山里,"30"
臺北市,北投區,洲美里,"34"
臺北市,北投區,吉慶里,"34"
臺北市,士林區,福安里,"34"
臺北市,士林區,富洲里,"34"
臺北市,北投區,立賢里,"34"
臺北市,北投區,立農里,"34"
臺北市,北投區,八仙里,"34"
臺北市,北投區,立賢里,"34"
臺北市,北投區,尊賢里,"34"
臺北市,士林區,天壽里,"34"
臺北市,北投區,吉利里,"34"
臺北市,北投區,振華里,"34"
臺北市,北投區,永明里,"34"
臺北市,北投區,榮華里,"34"
臺北市,北投區,立農里,"34"
臺北市,士林區,天玉里,"34"
臺北市,北投區,東華里,"34"
臺北市,北投區,八仙里,"34"
臺北市,北投區,永欣里,"34"
臺北市,北投區,清江里,"34"
臺北市,北投區,奇岩里,"34"
臺北市,士林區,天母里,"34"
臺北市,北投區,永和里,"34"
臺北市,士林區,新安里,"32"
臺北市,士林區,公館里,"32"
臺北市,士林區,陽明里,"32"
臺北市,士林區,菁山里,"32"
臺北市,士林區,陽明里,"33"
臺北市,北投區,湖山里,"33"
臺北市,士林區,菁山里,"33"
臺北市,士林區,平等里,"32"
臺北市,士林區,菁山里,"32"
臺北市,北投區,湖山里,"36"
臺北市,北投區,泉源里,"36"
臺北市,北投區,大屯里,"36"
臺北市,北投區,湖田里,"36"
臺北市,北投區,湖山里,"35"
臺北市,北投區,湖田里,"35"
臺北市,北投區,湖田里,"39"
臺北市,北投區,湖田里,"37"
